MODE,CLUSTER_ID,N_CRASHES,CENTER_LAT,CENTER_LON,N_EARLY_PERIOD,N_LATE_PERIOD,SPLIT_YEAR,GROWTH_RATIO,EMERGING
Bicycle,700,16,26.622918120381065,-82.0105256520057,1,15,2020.0,7.5,True
Bicycle,637,15,28.266773057439483,-82.18836979144129,2,13,2020.0,4.33,True
Bicycle,332,19,26.22650126205589,-80.27043473392425,3,16,2020.0,4.0,True
Bicycle,684,17,28.445161841571657,-81.56099908657772,3,14,2020.0,3.5,True
Bicycle,674,12,30.21025538052775,-85.84883848410948,2,10,2020.0,3.33,True
Bicycle,374,16,28.078729263080287,-80.69394160755931,3,13,2020.0,3.25,True
Bicycle,576,24,28.01607744013819,-82.139976252906,5,19,2020.0,3.17,True
Bicycle,667,15,30.27456245594743,-85.9978665592103,3,12,2020.0,3.0,True
Bicycle,442,40,30.747573944787632,-86.56515587840364,10,30,2020.0,2.73,True
Bicycle,528,21,28.287797875849247,-81.35728007806695,5,16,2020.0,2.67,True
Bicycle,683,10,28.596091899522577,-81.45118325042361,2,8,2020.0,2.67,True
Bicycle,527,24,30.388472026890806,-86.42851457140578,6,18,2020.0,2.57,True
Bicycle,39,34,26.350890905170587,-80.20278480176884,9,25,2020.0,2.5,True
Bicycle,540,34,26.586211854174586,-80.0518591149546,9,25,2020.0,2.5,True
Bicycle,644,16,26.13662049246537,-80.21299518025043,4,12,2020.0,2.4,True
Bicycle,242,19,25.77590484202102,-80.2897138861786,5,14,2020.0,2.33,True
Bicycle,400,39,26.667994001210516,-81.93904692028765,11,28,2020.0,2.33,True
Bicycle,691,22,29.14508084673503,-81.03505548386356,6,16,2020.0,2.29,True
Bicycle,619,15,28.910909634086092,-81.2919883685396,4,11,2020.0,2.2,True
Bicycle,272,34,28.251077831620027,-81.31429229610389,10,24,2020.0,2.18,True
Bicycle,569,18,29.223193742706297,-82.14793434356562,5,13,2020.0,2.17,True
Bicycle,648,33,26.06547796098001,-81.70311179899795,10,23,2020.0,2.09,True
Bicycle,275,20,28.33069335734218,-80.73699082111659,6,14,2020.0,2.0,True
Bicycle,277,20,28.319054362015912,-80.7427427141042,6,14,2020.0,2.0,True
Bicycle,593,20,25.93982049503817,-80.27541415215306,6,14,2020.0,2.0,True
Bicycle,633,20,27.80756728778639,-82.71092781060071,6,14,2020.0,2.0,True
Bicycle,672,14,28.355240020508084,-80.73224363280694,4,10,2020.0,2.0,True
Bicycle,702,11,28.25943270815047,-82.18927976762865,3,8,2020.0,2.0,True
Bicycle,493,51,27.038760499224853,-82.21881452909851,17,34,2020.0,1.89,True
Bicycle,562,22,28.011801973480726,-81.91103892675513,7,15,2020.0,1.88,True
Bicycle,500,19,27.26638602285697,-80.43186181401313,6,13,2020.0,1.86,True
Bicycle,555,19,26.297749213670265,-80.27922407602388,6,13,2020.0,1.86,True
Bicycle,535,16,28.672729909556075,-81.48749695734067,5,11,2020.0,1.83,True
Bicycle,87,30,26.367089702650766,-80.11946326439666,10,20,2020.0,1.82,True
Bicycle,676,13,27.98709555650913,-80.66188140572216,4,9,2020.0,1.8,True
Bicycle,354,23,28.382264387261735,-81.24444623873127,8,15,2020.0,1.67,True
Bicycle,511,15,25.5074424505353,-80.43754073401108,5,10,2020.0,1.67,True
Bicycle,560,15,25.92850193835597,-80.30974285460555,5,10,2020.0,1.67,True
Bicycle,622,15,28.533567712891603,-82.51225441726989,5,10,2020.0,1.67,True
Bicycle,623,23,27.300845210640972,-80.30338344272116,8,15,2020.0,1.67,True
Bicycle,665,15,27.02043655691899,-80.46581187316022,5,10,2020.0,1.67,True
Bicycle,271,28,26.9343790859752,-82.31198658670074,10,18,2020.0,1.64,True
Bicycle,274,36,27.998904028202936,-80.6715729888711,13,23,2020.0,1.64,True
Bicycle,647,28,30.305978724415674,-81.64582452940049,10,18,2020.0,1.64,True
Bicycle,519,20,30.115143924488855,-81.5904484228598,7,13,2020.0,1.62,True
Bicycle,78,38,25.849505036430312,-80.14848274636246,14,24,2020.0,1.6,True
Bicycle,105,25,28.613814119252055,-80.81759142313379,9,16,2020.0,1.6,True
Bicycle,399,25,26.65198209356294,-81.94064784350262,9,16,2020.0,1.6,True
Bicycle,688,12,26.79581239115134,-80.08555350419118,4,8,2020.0,1.6,True
Bicycle,65,17,30.51853535568745,-86.47332879484925,6,11,2020.0,1.57,True
Bicycle,248,58,29.114334601331063,-81.0247580419739,22,36,2020.0,1.57,True
Bicycle,281,22,27.26907675772254,-82.47988679410759,8,14,2020.0,1.56,True
Bicycle,478,22,25.810117515417584,-80.26216786891615,8,14,2020.0,1.56,True
Bicycle,533,63,28.537950753282022,-81.15100561136516,24,39,2020.0,1.56,True
Bicycle,175,32,27.38810179293641,-82.50635840857467,12,20,2020.0,1.54,True
Bicycle,212,52,27.981492169526355,-82.29104296138618,20,32,2020.0,1.52,True
Bicycle,449,29,30.318520007369365,-81.48849251175967,11,18,2020.0,1.5,True
Bicycle,497,19,28.801315634401554,-81.88820666081449,7,12,2020.0,1.5,True
Bicycle,570,29,29.20575726490228,-82.18296359116063,11,18,2020.0,1.5,True
Bicycle,580,19,28.230049927178655,-82.19550203602068,7,12,2020.0,1.5,True
Bicycle,450,36,27.990395580774845,-82.12214739450178,14,22,2020.0,1.47,True
Bicycle,575,26,26.932841983103092,-82.04939044843293,10,16,2020.0,1.45,True
Bicycle,625,26,30.169517578093895,-85.64991143060269,10,16,2020.0,1.45,True
Bicycle,144,21,30.171016386317632,-85.7893395489743,8,13,2020.0,1.44,True
Bicycle,223,21,27.071178265231033,-82.20783804876788,8,13,2020.0,1.44,True
Bicycle,241,43,28.62521009554257,-81.31664105863888,17,26,2020.0,1.44,True
Bicycle,573,21,28.550255455015034,-81.54102310862902,8,13,2020.0,1.44,True
Bicycle,595,21,28.787919585980273,-81.35809864470487,8,13,2020.0,1.44,True
Bicycle,347,33,27.79393210228178,-82.33490356351908,13,20,2020.0,1.43,True
Bicycle,480,16,27.316460747118775,-80.34965594378858,6,10,2020.0,1.43,True
Bicycle,696,16,28.48374583712245,-81.45879696356272,6,10,2020.0,1.43,True
Bicycle,387,74,26.085683897052874,-81.72687952854982,30,44,2020.0,1.42,False
Bicycle,35,52,26.33409515846356,-80.20289042024402,21,31,2020.0,1.41,False
Bicycle,211,37,27.720073625468455,-82.43307447887838,15,22,2020.0,1.38,False
Bicycle,390,18,27.138919090904416,-80.19122654013621,7,11,2020.0,1.38,True
Bicycle,503,37,28.079706715874103,-82.73951457585528,15,22,2020.0,1.38,False
Bicycle,641,18,30.323805657691384,-81.50850183138428,7,11,2020.0,1.38,True
Bicycle,675,18,29.65618385072338,-82.39032263387318,7,11,2020.0,1.38,True
Bicycle,38,186,26.806928504871482,-80.08112206208389,78,108,2020.0,1.37,False
Bicycle,157,63,30.285745683761736,-81.62899337806908,26,37,2020.0,1.37,False
Bicycle,392,32,28.541280097097516,-82.40377565616863,13,19,2020.0,1.36,False
Bicycle,397,51,26.607541113265807,-81.9745227597679,21,30,2020.0,1.36,False
Bicycle,461,25,28.024239312984356,-82.48464606738696,10,15,2020.0,1.36,False
Bicycle,486,32,28.461925939722768,-82.53950643450871,13,19,2020.0,1.36,False
Bicycle,551,32,30.22116792541646,-85.86764210423853,13,19,2020.0,1.36,False
Bicycle,36,48,26.58811012600366,-80.11659437470301,20,28,2020.0,1.33,False
Bicycle,219,20,26.2722652843268,-81.75387872417787,8,12,2020.0,1.33,False
Bicycle,344,41,26.065053562714827,-80.25372935078347,17,24,2020.0,1.33,False
Bicycle,377,27,28.576542314609036,-81.31037396689541,11,16,2020.0,1.33,False
Bicycle,420,27,29.675228754030968,-82.38877006505943,11,16,2020.0,1.33,False
Bicycle,479,27,28.824459142065102,-81.68817107505174,11,16,2020.0,1.33,False
Bicycle,599,20,26.345014249129246,-81.76303840016558,8,12,2020.0,1.33,False
Bicycle,607,20,29.20048236532806,-82.08299032896157,8,12,2020.0,1.33,False
Bicycle,669,20,28.0123583742927,-82.39327211795685,8,12,2020.0,1.33,False
Bicycle,55,205,26.678196409315497,-81.89043526350274,88,117,2020.0,1.31,False
Bicycle,184,59,28.07204163887616,-82.76590186544773,25,34,2020.0,1.31,False
Bicycle,565,29,30.18047122434794,-81.8235781703315,12,17,2020.0,1.31,False
Bicycle,264,22,27.21107763053062,-81.8460420089748,9,13,2020.0,1.3,False
Bicycle,367,22,28.45176971795033,-81.4748385786577,9,13,2020.0,1.3,False
Bicycle,23,102,26.463494981206537,-80.1214956716953,44,58,2020.0,1.29,False
Bicycle,388,63,27.142434580275353,-80.2075321783235,27,36,2020.0,1.29,False
Bicycle,544,15,26.13157707218663,-81.8027383007412,6,9,2020.0,1.29,False
Bicycle,663,15,25.810047054694774,-80.33282939763606,6,9,2020.0,1.29,False
Bicycle,680,15,27.26880690765496,-82.462770742383,6,9,2020.0,1.29,False
Bicycle,123,136,26.186685900957727,-81.69979983983426,59,77,2020.0,1.28,False
Bicycle,232,108,28.690735790256934,-81.32909453290921,47,61,2020.0,1.27,False
Bicycle,441,24,28.034391242540465,-82.64824273770641,10,14,2020.0,1.27,False
Bicycle,534,24,28.067312671987533,-82.74010811744711,10,14,2020.0,1.27,False
Bicycle,558,24,28.17225434015836,-80.6724129020537,10,14,2020.0,1.27,False
Bicycle,69,26,26.57207471419349,-80.09043153129974,11,15,2020.0,1.25,False
Bicycle,564,26,26.528638363352016,-81.87091848240405,11,15,2020.0,1.25,False
Bicycle,604,17,27.525869087593904,-82.73367480322983,7,10,2020.0,1.25,False
Bicycle,608,17,27.893931935646858,-82.33395301033602,7,10,2020.0,1.25,False
Bicycle,651,17,30.320546746061055,-81.45572443588162,7,10,2020.0,1.25,False
Bicycle,303,91,28.664517164765638,-81.41912052403251,40,51,2020.0,1.24,False
Bicycle,261,137,28.035717658427547,-80.61658537310552,61,76,2020.0,1.23,False
Bicycle,484,48,27.04518577108617,-82.24427332087322,21,27,2020.0,1.23,False
Bicycle,45,132,28.145679480504096,-82.7516345804991,59,73,2020.0,1.22,False
Bicycle,205,81,30.1805417108065,-85.79449133891046,36,45,2020.0,1.22,False
Bicycle,221,50,26.151448198906618,-80.18152414957268,22,28,2020.0,1.22,False
Bicycle,373,39,27.85840944045264,-82.3262797686922,17,22,2020.0,1.22,False
Bicycle,618,19,28.538821944580526,-81.47478288900231,8,11,2020.0,1.22,False
Bicycle,682,19,28.061441965123322,-82.70989924086602,8,11,2020.0,1.22,False
Bicycle,7,202,28.554491027386074,-81.58745859169674,91,111,2020.0,1.21,False
Bicycle,48,156,26.340876786270503,-81.77902010580594,70,86,2020.0,1.21,False
Bicycle,251,21,26.463187149641776,-81.82907092449257,9,12,2020.0,1.2,False
Bicycle,269,21,26.96259000212133,-82.07198278116981,9,12,2020.0,1.2,False
Bicycle,368,21,28.612240919722094,-81.43058200227762,9,12,2020.0,1.2,False
Bicycle,401,89,26.68256222162112,-80.05737277393125,40,49,2020.0,1.2,False
Bicycle,543,21,26.759501867999646,-80.08640047359053,9,12,2020.0,1.2,False
Bicycle,624,21,26.64913604411073,-81.97341500130224,9,12,2020.0,1.2,False
Bicycle,90,34,25.885085930176075,-80.30915749897575,15,19,2020.0,1.19,False
Bicycle,152,56,26.605189995789097,-81.6475525877162,25,31,2020.0,1.19,False
Bicycle,521,34,26.287779386536695,-80.26810892859628,15,19,2020.0,1.19,False
Bicycle,170,73,25.941160356251675,-80.3044125925145,33,40,2020.0,1.18,False
Bicycle,421,23,25.477145729247365,-80.43835062048815,10,13,2020.0,1.18,False
Bicycle,501,23,28.511838030064126,-81.15499070093927,10,13,2020.0,1.18,False
Bicycle,37,25,26.662214307273107,-80.26783602924426,11,14,2020.0,1.17,False
Bicycle,109,51,29.262893557107002,-81.10672069745542,23,28,2020.0,1.17,False
Bicycle,707,12,30.186581353873198,-85.64977991640605,5,7,2020.0,1.17,False
Bicycle,4,53,29.005486996469322,-81.3037219752809,24,29,2020.0,1.16,False
Bicycle,111,40,29.278954520194496,-81.0819208276309,18,22,2020.0,1.16,False
Bicycle,363,81,27.09770736889549,-82.43962275488826,37,44,2020.0,1.16,False
Bicycle,24,27,26.68842918648533,-81.8645663773624,12,15,2020.0,1.15,False
Bicycle,206,42,28.489469986946126,-82.54289143387514,19,23,2020.0,1.15,False
Bicycle,546,27,26.610180414070424,-81.8110334803817,12,15,2020.0,1.15,False
Bicycle,62,123,26.53573297718157,-80.09104473026825,57,66,2020.0,1.14,False
Bicycle,404,44,26.09917458382971,-80.24996365980167,20,24,2020.0,1.14,False
Bicycle,525,14,26.15031136234242,-80.26851449114437,6,8,2020.0,1.14,False
Bicycle,600,14,28.537805567337355,-81.34623732445357,6,8,2020.0,1.14,False
Bicycle,705,14,26.031704085720737,-80.24847882062431,6,8,2020.0,1.14,False
Bicycle,119,216,26.421946467803338,-81.42604155463863,101,115,2020.0,1.13,False
Bicycle,614,31,26.316560710884254,-80.20144855479546,14,17,2020.0,1.13,False
Bicycle,444,16,25.840155207433536,-80.2787923263608,7,9,2020.0,1.12,False
Bicycle,513,16,30.37654082997416,-86.34901489384356,7,9,2020.0,1.12,False
Bicycle,557,16,25.700185487532792,-80.36768059359905,7,9,2020.0,1.12,False
Bicycle,561,16,26.187276001266454,-80.171995267216,7,9,2020.0,1.12,False
Bicycle,698,16,27.285367669745817,-80.29663335286828,7,9,2020.0,1.12,False
Bicycle,114,206,27.00391826553387,-82.13346522526409,97,109,2020.0,1.11,False
Bicycle,381,18,29.50087055573256,-81.22001205948189,8,10,2020.0,1.11,False
Bicycle,422,18,27.987991030381796,-82.77561860450585,8,10,2020.0,1.11,False
Bicycle,446,18,30.412976833089253,-84.2810963419723,8,10,2020.0,1.11,False
Bicycle,524,18,26.119785686077282,-80.25172788481733,8,10,2020.0,1.11,False
Bicycle,611,18,27.29386040309801,-80.39965428625436,8,10,2020.0,1.11,False
Bicycle,653,18,27.638614411246447,-80.4453965212567,8,10,2020.0,1.11,False
Bicycle,142,64,27.211591177781777,-81.8595689852273,30,34,2020.0,1.1,False
Bicycle,289,41,28.042058712745764,-82.67894854267948,19,22,2020.0,1.1,False
Bicycle,526,20,25.929470126477874,-80.13676178565663,9,11,2020.0,1.1,False
Bicycle,632,20,26.59493123379596,-81.88527069198517,9,11,2020.0,1.1,False
Bicycle,671,20,26.04448794275886,-80.28403996926654,9,11,2020.0,1.1,False
Bicycle,9,135,27.522968896920567,-82.56757413367203,64,71,2020.0,1.09,False
Bicycle,41,22,26.5531068730906,-80.14946835224595,10,12,2020.0,1.09,False
Bicycle,186,66,28.2185312629279,-82.71464605783302,31,35,2020.0,1.09,False
Bicycle,276,22,28.033490243823792,-80.67170899700231,10,12,2020.0,1.09,False
Bicycle,359,47,28.50020579384307,-81.31023892920847,22,25,2020.0,1.09,False
Bicycle,129,26,30.390347882756057,-81.679865902787,12,14,2020.0,1.08,False
Bicycle,268,26,26.9984709471054,-82.09074555065976,12,14,2020.0,1.08,False
Bicycle,429,103,27.970732050957483,-82.4017056129458,49,54,2020.0,1.08,False
Bicycle,297,59,28.699707395688062,-81.50956649226298,28,31,2020.0,1.07,False
Bicycle,233,69,29.550998434822446,-81.23232113538101,33,36,2020.0,1.06,False
Bicycle,301,63,28.662312533717806,-81.39660421606285,30,33,2020.0,1.06,False
Bicycle,309,104,28.823067109886377,-81.88818581810852,50,54,2020.0,1.06,False
Bicycle,492,34,27.243899698706635,-80.82916089220107,16,18,2020.0,1.06,False
Bicycle,240,42,28.64487647942016,-81.32267289060171,20,22,2020.0,1.05,False
Bicycle,409,40,30.175961937356476,-85.68424329012339,19,21,2020.0,1.05,False
Bicycle,460,38,27.893334768277015,-82.2694128838649,18,20,2020.0,1.05,False
Bicycle,46,46,27.494591051634924,-82.61249128649952,22,24,2020.0,1.04,False
Bicycle,50,93,29.16950589644418,-82.16792416491928,45,48,2020.0,1.04,False
Bicycle,117,50,26.266558141338773,-81.68984383347093,24,26,2020.0,1.04,False
Bicycle,128,50,27.90320266407202,-81.84310683118122,24,26,2020.0,1.04,False
Bicycle,220,48,28.2381160389118,-82.35711464416516,23,25,2020.0,1.04,False
Bicycle,327,46,26.062618257001315,-80.20757205440273,22,24,2020.0,1.04,False
Bicycle,43,308,25.46796784976801,-80.47530701081608,151,157,2020.0,1.03,False
Bicycle,116,487,26.132453655957672,-81.76950570977459,239,248,2020.0,1.03,False
Bicycle,155,178,27.437385296465894,-82.54979253024027,87,91,2020.0,1.03,False
Bicycle,349,68,30.359205329952502,-81.67319621645457,33,35,2020.0,1.03,False
Bicycle,411,82,26.51214899543567,-80.05871674739635,40,42,2020.0,1.02,False
Bicycle,34,125,26.65234470003668,-80.14328297528616,62,63,2020.0,1.0,False
Bicycle,73,21,29.866286592729587,-81.34116364536628,10,11,2020.0,1.0,False
Bicycle,89,27,25.952790716814366,-81.72474539389452,13,14,2020.0,1.0,False
Bicycle,216,23,30.267588800251293,-81.73746378147021,11,12,2020.0,1.0,False
Bicycle,302,21,29.184089684466944,-81.04275483914418,10,11,2020.0,1.0,False
Bicycle,335,29,27.176301977889576,-80.25309958331943,14,15,2020.0,1.0,False
Bicycle,393,29,27.967505262059333,-82.56862221282697,14,15,2020.0,1.0,False
Bicycle,427,15,26.293204822158902,-81.80216536337979,7,8,2020.0,1.0,False
Bicycle,447,19,30.101873872262498,-81.71334348008877,9,10,2020.0,1.0,False
Bicycle,448,17,27.763970794351312,-82.71201699898192,8,9,2020.0,1.0,False
Bicycle,469,45,26.316929090444813,-80.18272031972285,22,23,2020.0,1.0,False
Bicycle,470,21,26.25196940787281,-80.22256835132359,10,11,2020.0,1.0,False
Bicycle,476,17,26.784258674691394,-80.03682154544143,8,9,2020.0,1.0,False
Bicycle,483,27,26.170669411457297,-80.28338251328266,13,14,2020.0,1.0,False
Bicycle,509,47,26.19119467834566,-80.20351474499871,23,24,2020.0,1.0,False
Bicycle,516,25,27.92163655710031,-82.3494604395244,12,13,2020.0,1.0,False
Bicycle,523,39,26.207431594841605,-81.80147936215812,19,20,2020.0,1.0,False
Bicycle,539,27,28.053965045160474,-81.77670180684997,13,14,2020.0,1.0,False
Bicycle,541,15,28.038735491297114,-82.78312905154681,7,8,2020.0,1.0,False
Bicycle,552,15,27.950030720254947,-82.5235811981158,7,8,2020.0,1.0,False
Bicycle,567,17,28.09403258756821,-82.50250111873733,8,9,2020.0,1.0,False
Bicycle,571,9,26.630571750348643,-80.13398339086353,4,5,2020.0,1.0,False
Bicycle,582,15,28.37523958920657,-82.68300243363028,7,8,2020.0,1.0,False
Bicycle,585,19,26.78230461185756,-80.08712772049469,9,10,2020.0,1.0,False
Bicycle,617,21,28.803148442571857,-82.5757661446238,10,11,2020.0,1.0,False
Bicycle,621,15,27.951272821382712,-82.40163108784823,7,8,2020.0,1.0,False
Bicycle,626,21,28.687987619355052,-81.38989455976495,10,11,2020.0,1.0,False
Bicycle,645,15,26.691233261413394,-80.0753406905276,7,8,2020.0,1.0,False
Bicycle,678,13,28.49052463083518,-81.42967533243791,6,7,2020.0,1.0,False
Bicycle,685,9,27.988847291798816,-82.30207063277102,4,5,2020.0,1.0,False
Bicycle,694,15,26.617155681442735,-81.67737952531553,7,8,2020.0,1.0,False
Bicycle,697,15,28.513452321916965,-81.36057561928605,7,8,2020.0,1.0,False
Bicycle,699,15,25.967789837356918,-80.13330906459262,7,8,2020.0,1.0,False
Bicycle,704,17,27.16020891718002,-80.24299019468437,8,9,2020.0,1.0,False
Bicycle,196,94,27.840335616351584,-82.79041955001766,47,47,2020.0,0.98,False
Bicycle,365,78,27.720105633232922,-82.67188840475147,39,39,2020.0,0.98,False
Bicycle,151,129,28.552434894040875,-81.45808069018958,65,64,2020.0,0.97,False
Bicycle,156,135,30.429385807553533,-87.27231239804438,68,67,2020.0,0.97,False
Bicycle,385,125,26.66856729488195,-81.82490277147669,63,62,2020.0,0.97,False
Bicycle,6,44,29.028380851588473,-81.30281925651524,22,22,2020.0,0.96,False
Bicycle,67,291,27.176138367522086,-80.23476774417966,148,143,2020.0,0.96,False
Bicycle,137,54,29.241832008501728,-81.06349189443542,27,27,2020.0,0.96,False
Bicycle,19,106,25.955105686002298,-80.1988469895075,54,52,2020.0,0.95,False
Bicycle,192,36,28.319402500140978,-81.47011949238913,18,18,2020.0,0.95,False
Bicycle,331,196,27.892475502908468,-82.50996255580272,100,96,2020.0,0.95,False
Bicycle,26,94,26.752095364032908,-80.0641350549244,48,46,2020.0,0.94,False
Bicycle,42,753,27.465240283058485,-82.57778359093285,388,365,2020.0,0.94,False
Bicycle,115,479,28.310794756307892,-82.69486679310177,247,232,2020.0,0.94,False
Bicycle,210,30,28.088301280283858,-82.4541057473231,15,15,2020.0,0.94,False
Bicycle,237,32,26.062145526042862,-80.18387198230238,16,16,2020.0,0.94,False
Bicycle,263,171,27.997396500842225,-80.63645488004623,88,83,2020.0,0.93,False
Bicycle,403,26,30.26083814306983,-81.62554476274214,13,13,2020.0,0.93,False
Bicycle,468,28,25.76045802627755,-80.39412713025926,14,14,2020.0,0.93,False
Bicycle,577,57,28.971427927292158,-80.90063437197709,29,28,2020.0,0.93,False
Bicycle,596,26,27.809498942609554,-82.75190652069479,13,13,2020.0,0.93,False
Bicycle,61,160,26.53706206973206,-80.06773155539335,83,77,2020.0,0.92,False
Bicycle,68,746,26.290706731933092,-80.10316308070578,388,358,2020.0,0.92,False
Bicycle,235,22,27.256221288102214,-80.27933248840112,11,11,2020.0,0.92,False
Bicycle,553,24,29.651155938382633,-82.37233386060304,12,12,2020.0,0.92,False
Bicycle,16,424,28.22007287307927,-82.73098931449097,222,202,2020.0,0.91,False
Bicycle,169,20,27.848848709700217,-82.80424683752517,10,10,2020.0,0.91,False
Bicycle,315,20,25.498702986911958,-80.41192711956332,10,10,2020.0,0.91,False
Bicycle,547,41,26.33083305931044,-81.80595245207564,21,20,2020.0,0.91,False
Bicycle,22,37,26.682742253833833,-80.67266473798358,19,18,2020.0,0.9,False
Bicycle,74,458,26.010322562898114,-80.20737825044193,240,218,2020.0,0.9,False
Bicycle,121,178,28.364845603651272,-80.69904097948894,93,85,2020.0,0.9,False
Bicycle,153,136,27.267794142845528,-82.51209848686044,71,65,2020.0,0.9,False
Bicycle,256,77,26.298262918799633,-80.10901246705664,40,37,2020.0,0.9,False
Bicycle,520,18,28.687671149144844,-81.40417550789192,9,9,2020.0,0.9,False
Bicycle,584,18,26.300613872622193,-80.18638865269372,9,9,2020.0,0.9,False
Bicycle,601,39,27.638027149183728,-80.42909976183309,20,19,2020.0,0.9,False
Bicycle,10,133,26.6250513308774,-81.94108183726617,70,63,2020.0,0.89,False
Bicycle,51,116,29.18251265607772,-82.1367174355756,61,55,2020.0,0.89,False
Bicycle,113,99,28.694346591945248,-81.35047225949604,52,47,2020.0,0.89,False
Bicycle,185,71,30.50672552761623,-87.22218676334582,37,34,2020.0,0.89,False
Bicycle,195,52,28.28445611595793,-82.6772613052833,27,25,2020.0,0.89,False
Bicycle,405,35,30.269761448521933,-81.61241216057753,18,17,2020.0,0.89,False
Bicycle,418,33,27.875154034826892,-82.32680768887376,17,16,2020.0,0.89,False
Bicycle,474,33,26.367896801085134,-80.20198309968876,17,16,2020.0,0.89,False
Bicycle,475,16,26.66707628401077,-80.25706242932785,8,8,2020.0,0.89,False
Bicycle,581,16,28.480059640539757,-81.33001505959392,8,8,2020.0,0.89,False
Bicycle,642,16,25.65430672317083,-80.33054738978282,8,8,2020.0,0.89,False
Bicycle,690,16,28.342538021024822,-81.361510845066,8,8,2020.0,0.89,False
Bicycle,2,48,29.053108040700412,-81.30363738297062,25,23,2020.0,0.88,False
Bicycle,171,127,27.999067071883005,-82.56718431420487,67,60,2020.0,0.88,False
Bicycle,208,48,30.306105008000262,-81.75324409612752,25,23,2020.0,0.88,False
Bicycle,213,129,28.50213671571657,-81.28828907869291,68,61,2020.0,0.88,False
Bicycle,296,121,28.132279284987536,-80.67118060178427,64,57,2020.0,0.88,False
Bicycle,369,29,30.208080957982123,-81.73876061110272,15,14,2020.0,0.88,False
Bicycle,382,29,29.519033502335684,-81.22420458872026,15,14,2020.0,0.88,False
Bicycle,603,29,28.83614724744499,-82.33700272013945,15,14,2020.0,0.88,False
Bicycle,615,14,26.575053807799787,-80.05605892869025,7,7,2020.0,0.88,False
Bicycle,627,29,30.22070266550243,-81.57119477246793,15,14,2020.0,0.88,False
Bicycle,640,14,26.337918822966063,-80.07466412240508,7,7,2020.0,0.88,False
Bicycle,654,14,30.33416644252061,-81.69176850999864,7,7,2020.0,0.88,False
Bicycle,17,353,26.23361720640117,-80.20941889817796,188,165,2020.0,0.87,False
Bicycle,29,42,26.571830006002962,-80.11209706548013,22,20,2020.0,0.87,False
Bicycle,176,197,27.29826735552815,-82.49623839288532,105,92,2020.0,0.87,False
Bicycle,227,234,28.784561753304175,-81.27757750508687,125,109,2020.0,0.87,False
Bicycle,238,145,28.237848617577118,-82.1832122909663,77,68,2020.0,0.87,False
Bicycle,389,27,27.13328163332248,-80.20513306653164,14,13,2020.0,0.87,False
Bicycle,391,27,27.91909876582085,-82.49163866452069,14,13,2020.0,0.87,False
Bicycle,435,98,28.12963519996218,-80.65290328340349,52,46,2020.0,0.87,False
Bicycle,610,27,28.061137287358843,-82.54777958288015,14,13,2020.0,0.87,False
Bicycle,15,1816,26.645911654049055,-80.10004923797634,977,839,2020.0,0.86,False
Bicycle,25,25,25.953727501893077,-80.24652958667289,13,12,2020.0,0.86,False
Bicycle,40,53,26.59107985642551,-80.1457084834575,28,25,2020.0,0.86,False
Bicycle,106,38,30.290845163230046,-81.60157760320938,20,18,2020.0,0.86,False
Bicycle,178,534,26.60833304896271,-81.86547026361102,286,248,2020.0,0.86,False
Bicycle,330,204,27.99612129966382,-82.49533456818124,109,95,2020.0,0.86,False
Bicycle,395,38,26.091602983265236,-80.15632156140916,20,18,2020.0,0.86,False
Bicycle,568,25,26.707482468048912,-80.1540041054407,13,12,2020.0,0.86,False
Bicycle,191,23,27.445984531030465,-82.59755407327779,12,11,2020.0,0.85,False
Bicycle,304,86,29.173567359201854,-81.02938296818913,46,40,2020.0,0.85,False
Bicycle,326,23,26.28876107256303,-80.12163810042816,12,11,2020.0,0.85,False
Bicycle,370,23,28.38462975254389,-81.40450253344062,12,11,2020.0,0.85,False
Bicycle,14,5284,27.846588807303494,-82.7095952064194,2875,2409,2020.0,0.84,False
Bicycle,20,45,25.940090100350208,-80.24450614192992,24,21,2020.0,0.84,False
Bicycle,30,45,26.58699383233688,-80.09181470816127,24,21,2020.0,0.84,False
Bicycle,31,194,26.93413808943977,-80.11139102892653,105,89,2020.0,0.84,False
Bicycle,77,361,29.890383060528052,-81.32235003424137,196,165,2020.0,0.84,False
Bicycle,91,58,27.880787604926937,-82.82474101334094,31,27,2020.0,0.84,False
Bicycle,95,91,24.712862362270602,-81.08816441195343,49,42,2020.0,0.84,False
Bicycle,108,100,28.3654427733684,-80.75122480517958,54,46,2020.0,0.84,False
Bicycle,122,163,28.025821970699337,-82.57291928185786,88,75,2020.0,0.84,False
Bicycle,126,898,25.789676843908286,-80.13567961378538,488,410,2020.0,0.84,False
Bicycle,132,291,26.258263309159386,-80.24612526661184,158,133,2020.0,0.84,False
Bicycle,183,45,26.493556934516416,-81.94209246528713,24,21,2020.0,0.84,False
Bicycle,252,45,30.175525527716406,-81.62850097595148,24,21,2020.0,0.84,False
Bicycle,278,45,26.20872420898623,-80.25224068166435,24,21,2020.0,0.84,False
Bicycle,255,52,30.189834079020883,-85.6668007350901,28,24,2020.0,0.83,False
Bicycle,282,43,26.210292263591793,-80.23605401883465,23,20,2020.0,0.83,False
Bicycle,346,21,30.328777407785772,-81.58591154381445,11,10,2020.0,0.83,False
Bicycle,364,21,28.005217791041744,-82.59887324919346,11,10,2020.0,0.83,False
Bicycle,508,21,30.175177033154704,-81.60379090930805,11,10,2020.0,0.83,False
Bicycle,566,21,30.335579367489263,-81.73036952359779,11,10,2020.0,0.83,False
Bicycle,666,21,30.377665049647582,-86.33496349975825,11,10,2020.0,0.83,False
Bicycle,687,10,27.849110713109877,-82.38138822908624,5,5,2020.0,0.83,False
Bicycle,1,128,28.338489211582868,-80.60964846452417,70,58,2020.0,0.82,False
Bicycle,125,4687,25.79314108744382,-80.22215766084723,2571,2116,2020.0,0.82,False
Bicycle,139,905,27.33946925893683,-82.52295026589428,497,408,2020.0,0.82,False
Bicycle,189,92,30.28755401742008,-81.44890768441894,50,42,2020.0,0.82,False
Bicycle,198,19,30.530672949135536,-87.22184768939833,10,9,2020.0,0.82,False
Bicycle,292,50,28.04601547132227,-81.99090922852356,27,23,2020.0,0.82,False
Bicycle,313,30,30.180250688018766,-82.67944748020865,16,14,2020.0,0.82,False
Bicycle,406,19,28.025050376850867,-81.92488231025716,10,9,2020.0,0.82,False
Bicycle,432,50,25.84797004705122,-80.28810532915861,27,23,2020.0,0.82,False
Bicycle,472,19,26.67354986334772,-80.24825605693006,10,9,2020.0,0.82,False
Bicycle,496,39,28.24586632348635,-81.27742153070835,21,18,2020.0,0.82,False
Bicycle,502,39,28.551789981699137,-81.20213295333909,21,18,2020.0,0.82,False
Bicycle,548,19,28.082262914268778,-82.41255634977459,10,9,2020.0,0.82,False
Bicycle,591,19,30.167901377955644,-85.6604056769023,10,9,2020.0,0.82,False
Bicycle,0,37,28.059269947120256,-81.81357946220004,20,17,2020.0,0.81,False
Bicycle,81,155,25.93660657329824,-80.12227448430316,85,70,2020.0,0.81,False
Bicycle,158,202,30.43684897088041,-87.24059187553199,111,91,2020.0,0.81,False
Bicycle,161,254,30.441983084977508,-86.63568620395914,140,114,2020.0,0.81,False
Bicycle,243,86,25.739498927433264,-80.16813864229496,47,39,2020.0,0.81,False
Bicycle,322,28,25.74682083968366,-80.33487306095886,15,13,2020.0,0.81,False
Bicycle,64,2656,26.143603334776312,-80.14732479431278,1477,1179,2020.0,0.8,False
Bicycle,167,201,27.938230440917344,-82.2879768420721,111,90,2020.0,0.8,False
Bicycle,224,17,25.86237923646997,-80.19449275279521,9,8,2020.0,0.8,False
Bicycle,226,17,29.005965092276057,-80.91650140217024,9,8,2020.0,0.8,False
Bicycle,253,100,28.020887603515295,-82.5037536954475,55,45,2020.0,0.8,False
Bicycle,307,409,25.864474282182623,-80.3060991744242,227,182,2020.0,0.8,False
Bicycle,361,17,28.41410987673841,-81.24254080900224,9,8,2020.0,0.8,False
Bicycle,439,17,27.987151210494567,-80.67372663110531,9,8,2020.0,0.8,False
Bicycle,628,17,28.340247778751564,-81.38632783747748,9,8,2020.0,0.8,False
Bicycle,664,17,25.675493590049253,-80.31944865457578,9,8,2020.0,0.8,False
Bicycle,79,33,29.856959993607063,-81.28007151203681,18,15,2020.0,0.79,False
Bicycle,85,458,28.304888459668064,-81.41799229166635,255,203,2020.0,0.79,False
Bicycle,97,178,26.16885960791416,-80.25533593649607,99,79,2020.0,0.79,False
Bicycle,320,121,25.76630878179426,-80.36878563410298,67,54,2020.0,0.79,False
Bicycle,402,33,26.008592060802922,-80.2749959924349,18,15,2020.0,0.79,False
Bicycle,412,33,25.75225605499461,-80.28567208979293,18,15,2020.0,0.79,False
Bicycle,440,42,27.789827740777625,-82.78816767277615,23,19,2020.0,0.79,False
Bicycle,482,24,27.321678262333403,-80.31786350783698,13,11,2020.0,0.79,False
Bicycle,494,69,28.67461825356208,-81.51057421419418,38,31,2020.0,0.79,False
Bicycle,70,2860,28.003051472003158,-82.45069488933729,1604,1256,2020.0,0.78,False
Bicycle,75,2040,25.97707604348651,-80.15376039899049,1148,892,2020.0,0.78,False
Bicycle,291,70,27.733448683198755,-82.74560292783946,39,31,2020.0,0.78,False
Bicycle,357,111,30.420818746753493,-87.21432777263261,62,49,2020.0,0.78,False
Bicycle,407,86,28.00920966007088,-81.9570857580953,48,38,2020.0,0.78,False
Bicycle,529,15,28.675985447547024,-81.3200553095019,8,7,2020.0,0.78,False
Bicycle,538,15,30.494196239804367,-87.26200666905353,8,7,2020.0,0.78,False
Bicycle,583,15,27.94287814810461,-82.33673801453837,8,7,2020.0,0.78,False
Bicycle,588,15,30.205544356735334,-81.61579358318687,8,7,2020.0,0.78,False
Bicycle,592,31,26.658309841891757,-80.05674876304924,17,14,2020.0,0.78,False
Bicycle,594,15,25.87971303058026,-80.22720943134891,8,7,2020.0,0.78,False
Bicycle,652,15,30.22379556494268,-85.64905773196405,8,7,2020.0,0.78,False
Bicycle,660,15,27.982032007654354,-82.3723440958625,8,7,2020.0,0.78,False
Bicycle,693,15,29.820148867382947,-81.26994090902849,8,7,2020.0,0.78,False
Bicycle,13,322,25.864701737981793,-80.124667215711,181,141,2020.0,0.77,False
Bicycle,27,38,26.707770193320854,-80.2242625953401,21,17,2020.0,0.77,False
Bicycle,110,45,29.283042095570686,-81.06183597867597,25,20,2020.0,0.77,False
Bicycle,182,22,28.332627999884267,-81.49139039776847,12,10,2020.0,0.77,False
Bicycle,229,130,30.389069200485462,-86.47245929327812,73,57,2020.0,0.77,False
Bicycle,318,75,25.57888448287564,-80.33505958594114,42,33,2020.0,0.77,False
Bicycle,398,22,26.58843786401147,-81.94219496999344,12,10,2020.0,0.77,False
Bicycle,423,52,27.98856585597246,-82.73013961475421,29,23,2020.0,0.77,False
Bicycle,428,22,28.892379994386488,-81.30678161052072,12,10,2020.0,0.77,False
Bicycle,455,22,28.50866305925463,-81.33035326925122,12,10,2020.0,0.77,False
Bicycle,459,22,28.319609652758754,-81.41697522310956,12,10,2020.0,0.77,False
Bicycle,491,22,26.047946671534717,-80.20799444206209,12,10,2020.0,0.77,False
Bicycle,59,36,25.902898742525775,-80.24457985634362,20,16,2020.0,0.76,False
Bicycle,93,315,27.441352283037947,-80.3387594615553,179,136,2020.0,0.76,False
Bicycle,112,29,29.264116860684634,-81.0781061416631,16,13,2020.0,0.76,False
Bicycle,148,229,28.6002531829605,-81.29656226006729,130,99,2020.0,0.76,False
Bicycle,168,64,28.04487164378742,-82.738981426122,36,28,2020.0,0.76,False
Bicycle,209,36,27.44855377661718,-82.52850905906905,20,16,2020.0,0.76,False
Bicycle,333,73,27.274223206891406,-80.34889582482445,41,32,2020.0,0.76,False
Bicycle,339,29,27.270863626360445,-80.2866186594365,16,13,2020.0,0.76,False
Bicycle,454,29,26.00848921849478,-80.29554791299456,16,13,2020.0,0.76,False
Bicycle,202,20,30.160281242596206,-85.75403671474967,11,9,2020.0,0.75,False
Bicycle,380,20,28.55567917089141,-81.3236503650801,11,9,2020.0,0.75,False
Bicycle,430,20,27.920110493043932,-82.50528871881075,11,9,2020.0,0.75,False
Bicycle,498,27,27.316139319095413,-80.37092396847575,15,12,2020.0,0.75,False
Bicycle,559,6,28.1327676217682,-80.63927813038333,3,3,2020.0,0.75,False
Bicycle,605,20,25.696995483072335,-80.44428319416498,11,9,2020.0,0.75,False
Bicycle,57,53,26.517808734728444,-81.94102452451783,30,23,2020.0,0.74,False
Bicycle,222,60,28.138154643735895,-80.58932948334156,34,26,2020.0,0.74,False
Bicycle,254,183,28.022883455664385,-81.72921686551312,105,78,2020.0,0.74,False
Bicycle,63,167,27.632798565259577,-80.39286903570428,96,71,2020.0,0.73,False
Bicycle,82,239,26.35830807844477,-80.08976334057013,138,101,2020.0,0.73,False
Bicycle,86,329,26.46511500610623,-80.07413629821714,190,139,2020.0,0.73,False
Bicycle,127,541,29.20984447361432,-81.03391535554158,313,228,2020.0,0.73,False
Bicycle,160,108,30.426746321115417,-86.60536583829588,62,46,2020.0,0.73,False
Bicycle,162,18,28.560646919391658,-81.13002954924842,10,8,2020.0,0.73,False
Bicycle,177,18,27.323689885703132,-82.48294544377171,10,8,2020.0,0.73,False
Bicycle,187,122,30.28647290299214,-81.5394697820199,70,52,2020.0,0.73,False
Bicycle,270,37,26.93696849474799,-82.33265431352827,21,16,2020.0,0.73,False
Bicycle,273,18,28.33435409867256,-80.7243174371924,10,8,2020.0,0.73,False
Bicycle,283,205,26.719728975410305,-80.0575783998561,118,87,2020.0,0.73,False
Bicycle,284,37,27.990016830395284,-82.74519189466918,21,16,2020.0,0.73,False
Bicycle,325,18,26.06233905662573,-80.16809540103299,10,8,2020.0,0.73,False
Bicycle,337,25,27.263338349904526,-80.38778533303075,14,11,2020.0,0.73,False
Bicycle,355,25,28.531750378788857,-81.41502627531972,14,11,2020.0,0.73,False
Bicycle,419,18,30.463896695334533,-84.31148534528319,10,8,2020.0,0.73,False
Bicycle,443,18,25.827193431941822,-80.38257836125366,10,8,2020.0,0.73,False
Bicycle,545,25,27.242784219885902,-80.27030372690864,14,11,2020.0,0.73,False
Bicycle,574,18,25.47781246245549,-80.42484185315165,10,8,2020.0,0.73,False
Bicycle,586,18,28.786884383213476,-81.29833240752109,10,8,2020.0,0.73,False
Bicycle,656,18,28.629687724833175,-81.36376444426335,10,8,2020.0,0.73,False
Bicycle,679,18,26.439303854825905,-80.143747077244,10,8,2020.0,0.73,False
Bicycle,701,18,26.155988268611235,-80.282642243315,10,8,2020.0,0.73,False
Bicycle,21,42,26.348900036953307,-80.15555280398708,24,18,2020.0,0.72,False
Bicycle,154,159,27.062569362547684,-82.41392169504371,92,67,2020.0,0.72,False
Bicycle,244,128,28.07736363299009,-80.65593581100993,74,54,2020.0,0.72,False
Bicycle,258,73,26.315832639802014,-80.15273545519779,42,31,2020.0,0.72,False
Bicycle,314,49,25.59421794313393,-80.37839887273742,28,21,2020.0,0.72,False
Bicycle,473,30,26.452557387784392,-80.14498371124208,17,13,2020.0,0.72,False
Bicycle,532,73,30.463979305072762,-87.24636182999056,42,31,2020.0,0.72,False
Bicycle,163,28,27.822201274807693,-82.78801278244886,16,12,2020.0,0.71,False
Bicycle,164,57,26.154162079294526,-81.74198029361084,33,24,2020.0,0.71,False
Bicycle,166,35,28.36242063856343,-82.6943445200371,20,15,2020.0,0.71,False
Bicycle,172,248,30.15636214085341,-81.75621215034349,145,103,2020.0,0.71,False
Bicycle,188,28,30.43861558339943,-87.26161650518081,16,12,2020.0,0.71,False
Bicycle,225,57,29.022732774525704,-80.92588173654258,33,24,2020.0,0.71,False
Bicycle,231,83,29.22862137186025,-81.01185389373305,48,35,2020.0,0.71,False
Bicycle,247,23,26.33251069561983,-81.76179394541349,13,10,2020.0,0.71,False
Bicycle,249,11,29.130775949850342,-81.02628598824913,6,5,2020.0,0.71,False
Bicycle,311,52,25.707148099243167,-80.4172364053214,30,22,2020.0,0.71,False
Bicycle,312,23,30.642461231549987,-81.45759133265146,13,10,2020.0,0.71,False
Bicycle,371,35,28.217020720960836,-82.69155138844178,20,15,2020.0,0.71,False
Bicycle,425,23,26.24271049302351,-81.76918758373739,13,10,2020.0,0.71,False
Bicycle,445,28,28.495951408548226,-81.45920557489482,16,12,2020.0,0.71,False
Bicycle,453,40,28.097031755043265,-81.97385470011147,23,17,2020.0,0.71,False
Bicycle,457,23,28.57196978321346,-81.3740631912435,13,10,2020.0,0.71,False
Bicycle,499,23,27.27160613372381,-80.3170091162311,13,10,2020.0,0.71,False
Bicycle,530,23,28.365901091767988,-81.4247934022039,13,10,2020.0,0.71,False
Bicycle,52,16,29.201294865707762,-82.10373392641802,9,7,2020.0,0.7,False
Bicycle,88,16,25.94343448033825,-81.73251628955929,9,7,2020.0,0.7,False
Bicycle,107,137,30.248491285201055,-81.76529638269182,80,57,2020.0,0.7,False
Bicycle,133,101,26.269936509178752,-80.27165112911015,59,42,2020.0,0.7,False
Bicycle,180,16,30.459524128718062,-84.36056873358646,9,7,2020.0,0.7,False
Bicycle,199,16,28.619758335461427,-81.26475699075446,9,7,2020.0,0.7,False
Bicycle,257,16,26.186294802893055,-80.18811068138238,9,7,2020.0,0.7,False
Bicycle,306,16,26.426378486949076,-80.07359694428058,9,7,2020.0,0.7,False
Bicycle,456,16,28.572060417725325,-81.38962268191281,9,7,2020.0,0.7,False
Bicycle,464,16,29.555059822819747,-81.21350526619119,9,7,2020.0,0.7,False
Bicycle,518,16,24.719379681881158,-81.06391433725099,9,7,2020.0,0.7,False
Bicycle,531,16,28.357428414687305,-80.6661300597855,9,7,2020.0,0.7,False
Bicycle,536,38,28.551618805924047,-81.43196558584091,22,16,2020.0,0.7,False
Bicycle,572,16,28.15546596990926,-82.52621400615814,9,7,2020.0,0.7,False
Bicycle,598,16,27.422515276044813,-80.37257460869989,9,7,2020.0,0.7,False
Bicycle,18,237,26.446580769461004,-80.08498618327035,140,97,2020.0,0.69,False
Bicycle,103,166,30.320279762398552,-81.55304724798597,98,68,2020.0,0.69,False
Bicycle,372,21,28.67255146731158,-81.47098254075543,12,9,2020.0,0.69,False
Bicycle,386,102,26.263172980197087,-81.8025048238015,60,42,2020.0,0.69,False
Bicycle,462,21,26.545662576172916,-81.89840289357444,12,9,2020.0,0.69,False
Bicycle,481,21,28.557075740191163,-80.80435496224257,12,9,2020.0,0.69,False
Bicycle,506,21,30.318747513117327,-86.13334203365014,12,9,2020.0,0.69,False
Bicycle,53,56,29.190302848149692,-82.15256241524897,33,23,2020.0,0.68,False
Bicycle,120,949,28.522642756514145,-81.38550050619277,566,383,2020.0,0.68,False
Bicycle,138,36,28.0817507304927,-81.96709702099184,21,15,2020.0,0.68,False
Bicycle,143,73,28.568143427472272,-81.28596117901652,43,30,2020.0,0.68,False
Bicycle,181,115,28.608054417080186,-81.40503234359645,68,47,2020.0,0.68,False
Bicycle,236,401,26.23073178831778,-80.11027659696374,238,163,2020.0,0.68,False
Bicycle,290,66,27.76400657988755,-82.7346853830704,39,27,2020.0,0.68,False
Bicycle,293,182,28.052281009827443,-81.95631585372865,108,74,2020.0,0.68,False
Bicycle,334,78,27.25890055207372,-80.37244604505946,46,32,2020.0,0.68,False
Bicycle,379,36,26.960540709077108,-82.35384594011722,21,15,2020.0,0.68,False
Bicycle,396,95,26.56336658083198,-81.95679436824373,56,39,2020.0,0.68,False
Bicycle,135,19,30.37258965109489,-81.65215849317649,11,8,2020.0,0.67,False
Bicycle,140,44,28.048805917540303,-81.90904949885766,26,18,2020.0,0.67,False
Bicycle,141,29,28.46502323737569,-81.38610768352481,17,12,2020.0,0.67,False
Bicycle,200,64,27.89311323168168,-82.7002483075891,38,26,2020.0,0.67,False
Bicycle,204,59,25.76812566192506,-80.34115929344324,35,24,2020.0,0.67,False
Bicycle,218,44,27.298488022922015,-82.45824890460845,26,18,2020.0,0.67,False
Bicycle,324,141,26.011967762010862,-80.24352159469409,84,57,2020.0,0.67,False
Bicycle,353,29,28.52211742585987,-81.33096933402945,17,12,2020.0,0.67,False
Bicycle,375,19,28.627625178790247,-81.4151743074679,11,8,2020.0,0.67,False
Bicycle,383,39,28.533462091067868,-81.4599516727723,23,16,2020.0,0.67,False
Bicycle,414,24,29.640475124556815,-82.39850853785978,14,10,2020.0,0.67,False
Bicycle,424,34,27.977571350870665,-82.8272287660019,20,14,2020.0,0.67,False
Bicycle,466,69,28.549857388963122,-81.41484392780902,41,28,2020.0,0.67,False
Bicycle,631,14,30.40422618696567,-86.60456450227936,8,6,2020.0,0.67,False
Bicycle,649,9,30.194538948372287,-81.73967738789248,5,4,2020.0,0.67,False
Bicycle,657,14,26.240597910271497,-80.24292774822838,8,6,2020.0,0.67,False
Bicycle,98,369,28.582246529594926,-81.19973396077711,222,147,2020.0,0.66,False
Bicycle,104,213,30.335477799398465,-81.41047383767615,128,85,2020.0,0.66,False
Bicycle,92,27,27.244298786835753,-80.23440060077536,16,11,2020.0,0.65,False
Bicycle,287,233,28.018043742059167,-82.76323317918555,141,92,2020.0,0.65,False
Bicycle,317,27,25.616986124128676,-80.3455042281773,16,11,2020.0,0.65,False
Bicycle,194,22,28.545232285818464,-81.19538726765425,13,9,2020.0,0.64,False
Bicycle,328,17,26.176050795322194,-80.18679892975526,10,7,2020.0,0.64,False
Bicycle,434,22,28.105767693574762,-80.67263174142775,13,9,2020.0,0.64,False
Bicycle,485,22,29.171602620676136,-81.00242715406897,13,9,2020.0,0.64,False
Bicycle,556,17,25.732770123393855,-80.37043566445305,10,7,2020.0,0.64,False
Bicycle,563,22,25.78268222958767,-80.33631847698119,13,9,2020.0,0.64,False
Bicycle,5,69,28.93620498240199,-81.29892577266477,42,27,2020.0,0.63,False
Bicycle,266,320,30.285236070993864,-81.39509654824856,196,124,2020.0,0.63,False
Bicycle,279,105,26.235711924413938,-80.15641673334744,64,41,2020.0,0.63,False
Bicycle,280,30,28.573675755194294,-81.54798375510055,18,12,2020.0,0.63,False
Bicycle,458,30,26.258813837876996,-80.28259821867668,18,12,2020.0,0.63,False
Bicycle,49,51,29.189735868285457,-82.10330915228636,31,20,2020.0,0.62,False
Bicycle,149,62,27.25816276800386,-82.53782280168278,38,24,2020.0,0.62,False
Bicycle,217,54,30.40243855941458,-87.27659224888497,33,21,2020.0,0.62,False
Bicycle,285,25,28.011617606425386,-82.70956700005497,15,10,2020.0,0.62,False
Bicycle,351,109,25.825328427921768,-80.27207428330057,67,42,2020.0,0.62,False
Bicycle,426,25,30.460512290092208,-84.28230992471349,15,10,2020.0,0.62,False
Bicycle,467,33,27.770326041887458,-82.7698411655778,20,13,2020.0,0.62,False
Bicycle,99,49,26.175664816887384,-80.26749837972311,30,19,2020.0,0.61,False
Bicycle,118,28,26.27288391489066,-81.76707226093893,17,11,2020.0,0.61,False
Bicycle,146,36,25.09539911046748,-80.43901044489597,22,14,2020.0,0.61,False
Bicycle,165,239,25.58221524431058,-80.36590720839281,148,91,2020.0,0.61,False
Bicycle,230,28,27.989478415401088,-82.76307370205947,17,11,2020.0,0.61,False
Bicycle,338,65,27.315128573015382,-80.39086342924546,40,25,2020.0,0.61,False
Bicycle,384,36,27.87447862523949,-82.7435781428756,22,14,2020.0,0.61,False
Bicycle,394,49,28.117666938075864,-81.97340933824003,30,19,2020.0,0.61,False
Bicycle,515,28,28.14641750672079,-81.45191322203634,17,11,2020.0,0.61,False
Bicycle,348,15,27.941116080099935,-82.37292850855883,9,6,2020.0,0.6,False
Bicycle,606,23,29.186359507658153,-82.17980075740185,14,9,2020.0,0.6,False
Bicycle,620,15,26.06385959458033,-80.31137695485475,9,6,2020.0,0.6,False
Bicycle,630,15,28.55658085040163,-81.28575311188874,9,6,2020.0,0.6,False
Bicycle,634,15,26.1950372395604,-81.71891075862345,9,6,2020.0,0.6,False
Bicycle,659,15,27.994100167086838,-82.39312164620316,9,6,2020.0,0.6,False
Bicycle,692,15,26.796442284194896,-80.10594057017836,9,6,2020.0,0.6,False
Bicycle,47,64,26.845130630164107,-80.06697902639411,40,24,2020.0,0.59,False
Bicycle,174,202,28.537901967687066,-81.31017351162146,127,75,2020.0,0.59,False
Bicycle,288,58,28.663847812557385,-81.36744433732426,36,22,2020.0,0.59,False
Bicycle,294,80,28.061291732272775,-80.62190897335181,50,30,2020.0,0.59,False
Bicycle,345,34,26.046201287843388,-80.25498260088614,21,13,2020.0,0.59,False
Bicycle,410,26,26.54791501519556,-80.05697553499884,16,10,2020.0,0.59,False
Bicycle,32,29,26.43918192950539,-80.12106676722968,18,11,2020.0,0.58,False
Bicycle,66,932,29.646430100371155,-82.3467704345295,588,344,2020.0,0.58,False
Bicycle,246,124,29.12912800438597,-81.00538360102875,78,46,2020.0,0.58,False
Bicycle,352,18,30.062749316926556,-81.87420352066812,11,7,2020.0,0.58,False
Bicycle,590,18,26.069053500324067,-80.39144647761839,11,7,2020.0,0.58,False
Bicycle,102,90,26.162293849121035,-80.22536338940505,57,33,2020.0,0.57,False
Bicycle,131,361,30.336521508431442,-81.66501208649929,229,132,2020.0,0.57,False
Bicycle,197,54,28.488541842984162,-81.41479670420671,34,20,2020.0,0.57,False
Bicycle,214,76,28.472824558029295,-81.41950286111762,48,28,2020.0,0.57,False
Bicycle,298,84,28.12657394463532,-80.63304446937363,53,31,2020.0,0.57,False
Bicycle,299,57,28.081136789036947,-80.60482277213907,36,21,2020.0,0.57,False
Bicycle,316,21,25.77060034565324,-80.3255080666899,13,8,2020.0,0.57,False
Bicycle,433,21,26.615159850176752,-81.66470900146128,13,8,2020.0,0.57,False
Bicycle,612,10,30.214404461637326,-85.85553791909321,6,4,2020.0,0.57,False
Bicycle,638,10,28.004971379578638,-82.78399233621008,6,4,2020.0,0.57,False
Bicycle,646,21,25.88359013980258,-80.28945294183869,13,8,2020.0,0.57,False
Bicycle,72,1075,24.562121072972374,-81.77679038388992,688,387,2020.0,0.56,False
Bicycle,260,27,26.2589788711563,-80.15110000130701,17,10,2020.0,0.56,False
Bicycle,267,27,26.98414299120437,-82.10079446698892,17,10,2020.0,0.56,False
Bicycle,319,27,25.687008754308042,-80.36633773914784,17,10,2020.0,0.56,False
Bicycle,416,27,29.68953020434983,-82.33904140298907,17,10,2020.0,0.56,False
Bicycle,507,27,27.82537697161586,-82.71262786206043,17,10,2020.0,0.56,False
Bicycle,537,27,28.40643779591123,-81.40441234280401,17,10,2020.0,0.56,False
Bicycle,686,13,26.00758204650304,-80.2622570637945,8,5,2020.0,0.56,False
Bicycle,3,95,28.382355730795553,-80.60494326827849,61,34,2020.0,0.55,False
Bicycle,94,33,25.114779501970208,-80.42145483200748,21,12,2020.0,0.55,False
Bicycle,259,16,26.063611777618437,-80.28286289668617,10,6,2020.0,0.55,False
Bicycle,408,33,30.180154635014507,-85.70589543678376,21,12,2020.0,0.55,False
Bicycle,415,50,29.66523115375924,-82.30331175632173,32,18,2020.0,0.55,False
Bicycle,451,16,30.406390917505014,-86.63144454038635,10,6,2020.0,0.55,False
Bicycle,477,16,28.151456954379853,-80.59997206951829,10,6,2020.0,0.55,False
Bicycle,643,16,25.62994574653687,-80.37346497758178,10,6,2020.0,0.55,False
Bicycle,655,16,29.107415179083944,-81.00595979097285,10,6,2020.0,0.55,False
Bicycle,673,16,26.970094708759163,-82.08146952025939,10,6,2020.0,0.55,False
Bicycle,703,16,27.94133424232232,-82.77456020722823,10,6,2020.0,0.55,False
Bicycle,33,19,26.36812462673514,-80.1874485900757,12,7,2020.0,0.54,False
Bicycle,136,59,26.211632820829696,-81.77317462430003,38,21,2020.0,0.54,False
Bicycle,437,39,28.01600814175865,-80.62199700009613,25,14,2020.0,0.54,False
Bicycle,489,39,29.015031966234446,-80.94163774455868,25,14,2020.0,0.54,False
Bicycle,504,36,25.73322092154585,-80.33361094937038,23,13,2020.0,0.54,False
Bicycle,629,19,28.567582317968206,-81.36465188794459,12,7,2020.0,0.54,False
Bicycle,44,89,25.684716283968914,-80.43253179742096,58,31,2020.0,0.53,False
Bicycle,190,157,28.57913486903498,-81.45866866081573,102,55,2020.0,0.53,False
Bicycle,245,65,25.518297500537788,-80.42119749169079,42,23,2020.0,0.53,False
Bicycle,308,28,25.88531462009823,-80.34354857974851,18,10,2020.0,0.53,False
Bicycle,505,22,28.094704868845792,-82.74010641392935,14,8,2020.0,0.53,False
Bicycle,549,22,26.204119871371756,-80.15580792387225,14,8,2020.0,0.53,False
Bicycle,130,69,30.313983082733696,-81.73024667467683,45,24,2020.0,0.52,False
Bicycle,193,34,27.338156552659353,-82.46747282032977,22,12,2020.0,0.52,False
Bicycle,300,125,28.59777665733255,-81.36316624542927,82,43,2020.0,0.52,False
Bicycle,71,52,28.054676200845567,-82.39548130259868,34,18,2020.0,0.51,False
Bicycle,150,132,28.568883059474786,-81.23963487529218,87,45,2020.0,0.51,False
Bicycle,265,52,30.32583922988496,-81.70528061829054,34,18,2020.0,0.51,False
Bicycle,101,32,26.137734903821592,-80.23020825616574,21,11,2020.0,0.5,False
Bicycle,147,44,28.53986084059452,-81.28249282523846,29,15,2020.0,0.5,False
Bicycle,250,17,26.46309667105937,-81.95180410879831,11,6,2020.0,0.5,False
Bicycle,295,92,28.08435502561233,-80.62230793040345,61,31,2020.0,0.5,False
Bicycle,356,20,30.45314052551056,-87.2201541826158,13,7,2020.0,0.5,False
Bicycle,413,23,27.78020987246666,-82.69943457098032,15,8,2020.0,0.5,False
Bicycle,436,20,27.92288218838639,-82.3210820517033,13,7,2020.0,0.5,False
Bicycle,487,11,30.51587276926875,-86.46484492702923,7,4,2020.0,0.5,False
Bicycle,510,23,26.03394315613991,-80.17709432784622,15,8,2020.0,0.5,False
Bicycle,554,35,28.526925566953306,-81.4287991856574,23,12,2020.0,0.5,False
Bicycle,670,5,26.20525830899328,-80.20414591416588,3,2,2020.0,0.5,False
Bicycle,695,11,26.97521221567164,-82.08897910836446,7,4,2020.0,0.5,False
Bicycle,76,92,26.021057246071422,-80.11680806671247,62,30,2020.0,0.48,False
Bicycle,145,61,29.658440250600478,-82.41566443290472,41,20,2020.0,0.48,False
Bicycle,329,36,26.16490590637668,-80.1699775520553,24,12,2020.0,0.48,False
Bicycle,8,348,30.44152508657831,-84.30209622139508,237,111,2020.0,0.47,False
Bicycle,207,21,25.89846377644184,-80.29421480613019,14,7,2020.0,0.47,False
Bicycle,341,52,26.045602965650406,-80.22918357685333,35,17,2020.0,0.47,False
Bicycle,512,21,27.869520924456495,-82.76216879694186,14,7,2020.0,0.47,False
Bicycle,550,21,30.186984466664143,-85.81649658414324,14,7,2020.0,0.47,False
Bicycle,173,18,28.506684066757966,-81.41729426665513,12,6,2020.0,0.46,False
Bicycle,203,18,27.44795550943347,-82.5860225031039,12,6,2020.0,0.46,False
Bicycle,262,53,28.035652293991763,-80.64177208854431,36,17,2020.0,0.46,False
Bicycle,438,40,28.051635779691857,-82.77971086283819,27,13,2020.0,0.46,False
Bicycle,522,18,26.273676236887653,-80.20743030651518,12,6,2020.0,0.46,False
Bicycle,60,83,25.701824071142273,-80.16032289467115,57,26,2020.0,0.45,False
Bicycle,179,15,28.472665981897762,-81.38284811374437,10,5,2020.0,0.45,False
Bicycle,239,47,28.660290234790125,-81.34122571056467,32,15,2020.0,0.45,False
Bicycle,350,15,30.351698163594467,-81.57790947127833,10,5,2020.0,0.45,False
Bicycle,417,15,27.84920061247061,-82.35631410863125,10,5,2020.0,0.45,False
Bicycle,636,15,25.751805370821902,-80.30421973119691,10,5,2020.0,0.45,False
Bicycle,662,15,27.838898610035958,-82.38163549075497,10,5,2020.0,0.45,False
Bicycle,54,25,26.83688416624391,-80.10615069524492,17,8,2020.0,0.44,False
Bicycle,56,58,26.448756878641756,-81.94395753564287,40,18,2020.0,0.44,False
Bicycle,201,35,28.596383120899517,-81.24402838466538,24,11,2020.0,0.44,False
Bicycle,587,12,30.16102710795019,-81.63274165627337,8,4,2020.0,0.44,False
Bicycle,321,32,25.631403403022947,-80.34023281977065,22,10,2020.0,0.43,False
Bicycle,343,19,26.102704918182614,-80.2657056365074,13,6,2020.0,0.43,False
Bicycle,358,19,26.28584238811809,-80.23162090880014,13,6,2020.0,0.43,False
Bicycle,431,29,26.44222101978819,-82.05624892863867,20,9,2020.0,0.43,False
Bicycle,635,16,28.039229538394018,-81.77072509597835,11,5,2020.0,0.42,False
Bicycle,677,16,25.71838020200702,-80.2987778309826,11,5,2020.0,0.42,False
Bicycle,323,48,25.94535155089243,-80.16938658117908,34,14,2020.0,0.4,False
Bicycle,378,20,30.471462510495165,-87.22666567393176,14,6,2020.0,0.4,False
Bicycle,96,24,25.98319438133606,-80.24755634324627,17,7,2020.0,0.39,False
Bicycle,12,75,28.064044312050736,-82.4125583981272,54,21,2020.0,0.38,False
Bicycle,28,28,25.924869874638045,-80.24353350798064,20,8,2020.0,0.38,False
Bicycle,215,21,25.733009483713424,-80.30574557276161,15,6,2020.0,0.38,False
Bicycle,228,28,30.39497412486022,-86.50680271060084,20,8,2020.0,0.38,False
Bicycle,234,17,29.55820056735319,-81.20536912556784,12,5,2020.0,0.38,False
Bicycle,340,65,26.0695321678783,-80.23265950483687,47,18,2020.0,0.38,False
Bicycle,452,17,29.193438299135952,-81.06626046089313,12,5,2020.0,0.38,False
Bicycle,706,17,25.994431932424842,-80.24282247777424,12,5,2020.0,0.38,False
Bicycle,589,25,30.315466083355183,-81.65804714749024,18,7,2020.0,0.37,False
Bicycle,100,44,26.11570331164326,-80.32830154301641,32,12,2020.0,0.36,False
Bicycle,286,18,27.941267047056456,-82.74542537677691,13,5,2020.0,0.36,False
Bicycle,514,18,28.064135199410924,-82.50422415744518,13,5,2020.0,0.36,False
Bicycle,542,18,27.802022924186147,-82.8018609813396,13,5,2020.0,0.36,False
Bicycle,134,22,26.287764967700095,-80.25042529455283,16,6,2020.0,0.35,False
Bicycle,336,22,29.688130458400643,-82.32426910430883,16,6,2020.0,0.35,False
Bicycle,360,22,26.783482624819275,-80.05551433434793,16,6,2020.0,0.35,False
Bicycle,366,22,27.774620464232257,-82.71249363969045,16,6,2020.0,0.35,False
Bicycle,463,22,29.688672688171792,-82.38730203888545,16,6,2020.0,0.35,False
Bicycle,83,23,26.349428785126506,-80.07169030100503,17,6,2020.0,0.33,False
Bicycle,84,47,26.388297395136362,-80.07999929351469,35,12,2020.0,0.33,False
Bicycle,376,15,28.595789994348287,-81.39503181108032,11,4,2020.0,0.33,False
Bicycle,488,19,30.352420586240818,-81.56045159142593,14,5,2020.0,0.33,False
Bicycle,517,15,27.85464544229013,-82.76262324450815,11,4,2020.0,0.33,False
Bicycle,578,15,27.97858771013562,-82.31049645848903,11,4,2020.0,0.33,False
Bicycle,609,15,28.076890955148443,-82.57960402486532,11,4,2020.0,0.33,False
Bicycle,639,15,26.933706052805967,-80.07816393746413,11,4,2020.0,0.33,False
Bicycle,668,3,27.982032698337765,-82.30831725711111,2,1,2020.0,0.33,False
Bicycle,495,24,28.75584750284743,-81.33356239324878,18,6,2020.0,0.32,False
Bicycle,597,16,27.29236380345257,-80.37999059517423,12,4,2020.0,0.31,False
Bicycle,159,29,29.601364314620685,-82.4192846797619,22,7,2020.0,0.3,False
Bicycle,11,17,28.091611740279937,-80.56978665841349,13,4,2020.0,0.29,False
Bicycle,124,26,25.687489196261215,-80.38241043916489,20,6,2020.0,0.29,False
Bicycle,305,17,25.670985859434847,-80.44357678162781,13,4,2020.0,0.29,False
Bicycle,342,17,26.11320023736,-80.31401292417206,13,4,2020.0,0.29,False
Bicycle,58,22,25.908334674261173,-80.23572451848757,17,5,2020.0,0.28,False
Bicycle,471,22,26.285107999099285,-80.20260174515373,17,5,2020.0,0.28,False
Bicycle,80,18,26.052273069365317,-80.11366079982719,14,4,2020.0,0.27,False
Bicycle,310,18,25.61352750708471,-80.31043519356832,14,4,2020.0,0.27,False
Bicycle,613,13,27.96105066767844,-82.70676988622297,10,3,2020.0,0.27,False
Bicycle,681,18,27.583131592630323,-80.37743307054838,14,4,2020.0,0.27,False
Bicycle,465,23,30.472236675634562,-87.2134656026763,18,5,2020.0,0.26,False
Bicycle,616,19,28.494498302057792,-82.59556720080359,15,4,2020.0,0.25,False
Bicycle,661,9,30.169951006050756,-85.69358023739879,7,2,2020.0,0.25,False
Bicycle,362,15,27.463064445991968,-82.63666885957232,12,3,2020.0,0.23,False
Bicycle,602,15,26.13877243724279,-81.74080865528227,12,3,2020.0,0.23,False
Bicycle,658,15,25.536332481104022,-80.41115085916904,12,3,2020.0,0.23,False
Bicycle,650,16,26.107516165590138,-80.28751667101415,13,3,2020.0,0.21,False
Bicycle,689,5,28.125252203110485,-82.75938287516274,4,1,2020.0,0.2,False
Bicycle,579,6,30.42708464053467,-87.28694183748063,5,1,2020.0,0.17,False
Bicycle,490,16,30.23676758984935,-85.64974604533661,14,2,2020.0,0.13,False
E-Bike,3,15,28.069524116377554,-82.42820300215405,11,4,2025.0,0.33,False
E-Bike,0,58,24.562856431939924,-81.77532511155566,50,8,2025.0,0.16,False
E-Bike,2,34,25.787756682552452,-80.14046249904567,32,2,2025.0,0.06,False
E-Bike,1,32,24.57243619774736,-81.73935795002609,31,1,2025.0,0.03,False
E-Scooter,2,15,25.984634386067324,-80.16025883615848,6,9,2024.0,1.29,False
E-Scooter,0,34,28.06775924435404,-82.41248514614563,15,19,2024.0,1.19,False
E-Scooter,1,227,25.777169736299822,-80.19705921325516,155,72,2024.0,0.46,False
E-Scooter,6,15,26.121828184076833,-80.14335931212597,10,5,2024.0,0.45,False
E-Scooter,7,15,29.651359926976887,-82.33756967309196,10,5,2024.0,0.45,False
E-Scooter,9,15,25.987357230322598,-80.14245740813634,10,5,2024.0,0.45,False
E-Scooter,10,15,25.84688854785625,-80.1892664796213,10,5,2024.0,0.45,False
E-Scooter,3,160,25.785402018613844,-80.13660963390058,114,46,2024.0,0.4,False
E-Scooter,4,29,25.859371737191022,-80.12434745786474,21,8,2024.0,0.36,False
E-Scooter,8,17,25.94963717857607,-80.14688635838958,13,4,2024.0,0.29,False
E-Scooter,5,21,27.948129648252618,-82.45864067327251,17,4,2024.0,0.22,False
