REPORT_NUMBER,CRASH_DT,FARS_LANDUSE,FARS_LANDUSE_CD,FARS_FUNCLASS,FARS_FUNCLASS_CD,FARS_OWNERSHIP,FARS_OWNERSHIP_CD,FARS_NHS,FARS_NHS_CD,ROUTE_SIGNAGE,ROUTE_SIGNAGE_CD,SPEED_LIMIT,S4_GEOLOCATION_CURRENT,S4_GEOLOCATION_REVIEW,S4_GEOLOCATION_UPDATED_DATE,LONGITUDE,LATITUDE,TRAFFIC_IDENTIFIER,STATE_ROAD,US_INTERSTATE,MODE
26323284,5/31/2024 12:00:00 AM,Urban,2.0,Principal Arterial - Other,3.0,State Highway Agency,1.0,On the National Highway System,1.0,US Highway,2.0,50.0,Editor,Preliminary,8/26/2025 2:03:16 PM,27.4546888438753,-81.4226172503481,US HIGHWAY 27 S                     ,,,E-Bike
26538495,2/22/2024 12:00:00 AM,Urban,2.0,Local,7.0,County Highway Agency,2.0,Not on the National Highway System,6.0,Other,8.0,30.0,Editor,Preliminary,6/19/2025 3:39:03 PM,28.0702506686974,-82.4139205003589,N 42ND ST                           ,,,E-Scooter
26298411,3/10/2024 12:00:00 AM,Urban,2.0,Major Collector,5.0,County Highway Agency,2.0,Not on the National Highway System,6.0,County Road,4.0,30.0,Editor,Preliminary,4/17/2025 10:39:23 AM,28.4623890240118,-82.1962082429884,TRILBY RD                           ,,,Bicycle
26406332,4/17/2026 12:00:00 AM,Urban,2.0,Minor Arterial,4.0,County Highway Agency,2.0,Not on the National Highway System,6.0,Municipality,6.0,25.0,Editor,Preliminary,6/22/2026 8:01:52 AM,26.2841918115545,-80.2334917146338,NW 81ST AVE                         ,,,E-Scooter
26346773,5/26/2024 12:00:00 AM,Urban,2.0,Local,7.0,County Highway Agency,2.0,Not on the National Highway System,6.0,Municipality,6.0,30.0,Lat/long only,Complete,6/3/2026 11:48:07 AM,28.310322242648,-81.6497722403782,UNNAMED RD                          ,,,Bicycle
26195817,3/13/2025 12:00:00 AM,Urban,2.0,Principal Arterial - Other,3.0,County Highway Agency,2.0,On the National Highway System,1.0,Municipality,6.0,45.0,Officer,Complete,5/11/2026 3:23:42 PM,26.5299800228952,-80.0905912393448,N CONGRESS AVE                      ,,,E-Bike
26457099,3/4/2025 12:00:00 AM,Urban,2.0,Principal Arterial - Other,3.0,State Highway Agency,1.0,Not on the National Highway System,6.0,State Highway,3.0,45.0,Editor,Complete,5/11/2026 4:15:16 PM,28.4509379255931,-81.3821894076413,SAND LAKE RD W                      ,SR 482,,Bicycle
26592084,2/14/2025 12:00:00 AM,Urban,2.0,Principal Arterial - Other,3.0,State Highway Agency,1.0,On the National Highway System,1.0,State Highway,3.0,35.0,Editor,Complete,5/8/2026 10:57:02 AM,25.9858754932965,-80.1367700246615,E HALLANDALE BEACH BLVD             ,SR 858,,E-Scooter
26157923,10/5/2023 12:00:00 AM,Urban,2.0,Principal Arterial - Other,3.0,County Highway Agency,2.0,On the National Highway System,1.0,County Road,4.0,35.0,Editor,Complete,1/13/2025 3:56:44 PM,28.1721700520905,-80.6719450031872,N WICKHAM RD                        ,,,E-Scooter
26542274,6/5/2024 12:00:00 AM,,,,,,,,,,,,Editor,Preliminary,8/7/2024 7:57:54 AM,27.835178072825,-82.3707689248922,SYMMES RD                           ,,,Bicycle
26412219,11/1/2024 12:00:00 AM,,,,,,,,,,,,Editor,Preliminary,4/9/2025 1:33:03 PM,27.4591849688595,-82.53048374164,US-301                              ,,,E-Bike
26407610,9/5/2024 12:00:00 AM,Urban,2.0,Principal Arterial - Other,3.0,State Highway Agency,1.0,On the National Highway System,1.0,US Highway,2.0,45.0,Editor,Complete,5/13/2025 12:55:55 PM,28.440550829464,-81.4035345872141,S ORANGE BLOSSOM TRL                ,,,E-Scooter
26403684,10/12/2024 12:00:00 AM,,,,,,,,,,,,Editor,Preliminary,4/9/2025 1:33:02 PM,27.4246472027669,-82.5754051963001,14TH ST W                           ,,,Bicycle
26416888,9/22/2024 12:00:00 AM,Urban,2.0,Principal Arterial - Other,3.0,State Highway Agency,1.0,On the National Highway System,1.0,State Highway,3.0,55.0,Editor,Complete,12/27/2024 2:18:55 PM,28.1882801686855,-82.3447071324329,SR-56                               ,,,Bicycle
26866512,11/23/2025 12:00:00 AM,Urban,2.0,Minor Arterial,4.0,County Highway Agency,2.0,Not on the National Highway System,6.0,County Road,4.0,40.0,Officer,Complete,5/11/2026 4:38:21 PM,27.8076867951612,-82.7001040540982,49TH ST N                           ,CR 611,,E-Bike
26409683,12/27/2024 12:00:00 AM,,,,,,,,,,,,System confident,Preliminary,4/9/2025 1:33:03 PM,27.5649149290559,-82.5650366406582,US-19                               ,,,E-Bike
26729264,4/22/2025 12:00:00 AM,Urban,2.0,Local,7.0,City or Municipal Highway Agency,4.0,Not on the National Highway System,6.0,Municipality,6.0,40.0,Editor,Complete,9/29/2025 4:54:35 PM,25.5580891196552,-80.390436405457,BUSWAY                              ,,,E-Scooter
26856221,3/13/2025 12:00:00 AM,Urban,2.0,Major Collector,5.0,County Highway Agency,2.0,Not on the National Highway System,6.0,Municipality,6.0,45.0,Editor,Complete,5/11/2026 4:36:43 PM,26.9103434505754,-80.1066734859226,INDIAN CREEK PKWY                   ,,,E-Bike
26549709,4/7/2025 12:00:00 AM,Urban,2.0,Local,7.0,County Highway Agency,2.0,Not on the National Highway System,6.0,Municipality,6.0,35.0,Editor,Complete,5/11/2026 4:21:09 PM,27.9085859991624,-82.3566538502562,CAMDEN FIELD PKWY                   ,,,E-Bike
26471625,3/13/2025 12:00:00 AM,Urban,2.0,Principal Arterial - Other,3.0,State Highway Agency,1.0,On the National Highway System,1.0,US Highway,2.0,45.0,Editor,Complete,5/11/2026 3:34:54 PM,27.1241486605679,-80.190869047391,SE FEDERAL HWY                      ,SR 5,US 1,E-Bike
26679551,1/30/2025 12:00:00 AM,Urban,2.0,Principal Arterial - Other,3.0,State Highway Agency,1.0,On the National Highway System,1.0,State Highway,3.0,45.0,Editor,Complete,9/2/2025 4:22:33 PM,26.1487935519545,-80.2569922618598,N UNIVERSITY DR                     ,,,E-Scooter
26477151,12/23/2024 12:00:00 AM,Urban,2.0,Principal Arterial - Other,3.0,State Highway Agency,1.0,On the National Highway System,1.0,US Highway,2.0,45.0,Editor,Complete,11/25/2025 12:14:17 PM,27.8940210014809,-82.6901636419571,ULMERTON RD                         ,SR 686,,Bicycle
26289395,5/7/2024 12:00:00 AM,Urban,2.0,Principal Arterial - Other,3.0,State Highway Agency,1.0,On the National Highway System,1.0,US Highway,2.0,25.0,Editor,Preliminary,5/30/2025 10:14:17 AM,30.3766892727273,-86.3489217497705,EMERALD COAST PKWY                  ,,,Bicycle
26469266,1/18/2025 12:00:00 AM,Urban,2.0,Principal Arterial - Other,3.0,State Highway Agency,1.0,On the National Highway System,1.0,State Highway,3.0,45.0,Editor,Complete,5/11/2026 4:18:37 PM,28.5783580586423,-81.3091336203047,N SEMORAN BLVD                      ,SR 436,,Bicycle
26336324,4/10/2024 12:00:00 AM,,,,,State Highway Agency,1.0,,,US Highway,2.0,45.0,Editor,Preliminary,4/28/2025 12:23:14 PM,27.5846637544606,-81.5145585057476,US HIGHWAY 27 S                     ,SR 25,US 27,Bicycle
26589485,2/3/2025 12:00:00 AM,Urban,2.0,Minor Arterial,4.0,County Highway Agency,2.0,Not on the National Highway System,6.0,Municipality,6.0,40.0,Officer,Complete,5/11/2026 4:24:01 PM,28.302047828187,-80.7221897171275,MURRELL RD                          ,,,E-Scooter
26541964,5/22/2024 12:00:00 AM,Urban,2.0,Major Collector,5.0,County Highway Agency,2.0,Not on the National Highway System,6.0,Municipality,6.0,45.0,Editor,Preliminary,8/6/2025 10:40:25 AM,27.8247243384765,-82.3004760197692,BALM RIVERVIEW RD                   ,,,E-Bike
26378692,8/28/2024 12:00:00 AM,Urban,2.0,Principal Arterial - Other,3.0,State Highway Agency,1.0,On the National Highway System,1.0,US Highway,2.0,50.0,Editor,Preliminary,9/4/2025 4:57:27 PM,26.0682677300743,-81.7067537470442,TAMIAMI TRL E                       ,,,E-Bike
26553194,3/14/2025 12:00:00 AM,Urban,2.0,Local,7.0,County Highway Agency,2.0,Not on the National Highway System,6.0,Other,8.0,35.0,Editor,Complete,5/11/2026 4:21:17 PM,27.9817306231803,-82.0951214697348,JIM JOHNSON RD                      ,,,E-Bike
26781510,12/31/2024 12:00:00 AM,Urban,2.0,Minor Arterial,4.0,County Highway Agency,2.0,Not on the National Highway System,6.0,Municipality,6.0,35.0,Editor,Complete,6/11/2026 1:35:58 PM,26.2600138359833,-80.1646846731935,NW 24TH ST                          ,,,E-Scooter
26282192,12/29/2023 12:00:00 AM,Rural,1.0,Principal Arterial - Other,3.0,State Highway Agency,1.0,On the National Highway System,1.0,US Highway,2.0,55.0,Editor,Complete,12/26/2024 1:09:11 PM,27.1578846241858,-80.70767908872,US HIGHWAY 441 SE                   ,,US 441,E-Bike
26547709,10/24/2024 12:00:00 AM,Urban,2.0,Principal Arterial - Other,3.0,County Highway Agency,2.0,Not on the National Highway System,6.0,County Road,4.0,45.0,Editor,Preliminary,6/2/2025 11:29:40 AM,28.0598653020619,-82.4262010932675,BRUCE B DOWNS BLVD                  ,,,E-Scooter
26547475,10/26/2024 12:00:00 AM,Urban,2.0,Local,7.0,County Highway Agency,2.0,Not on the National Highway System,6.0,Municipality,6.0,45.0,Editor,Preliminary,12/8/2025 5:44:49 PM,27.6947972262307,-82.4290096038724,21ST AVE SE                         ,,,E-Scooter
26521733,12/21/2024 12:00:00 AM,Urban,2.0,Principal Arterial - Other,3.0,State Highway Agency,1.0,On the National Highway System,1.0,US Highway,2.0,40.0,Editor,Preliminary,4/15/2025 3:31:35 PM,25.8479498788207,-80.3144922332333,W OKEECHOBEE RD                     ,SR 25,US 27,E-Bike
26164859,1/7/2024 12:00:00 AM,Urban,2.0,Principal Arterial - Other,3.0,State Highway Agency,1.0,On the National Highway System,1.0,US Highway,2.0,45.0,Editor,Preliminary,7/2/2024 3:49:37 PM,29.2014556468124,-82.174538178858,NW BLITCHTON RD                     ,SR 500,US 27,E-Bike
26387464,8/16/2024 12:00:00 AM,Urban,2.0,Principal Arterial - Other,3.0,State Highway Agency,1.0,On the National Highway System,1.0,US Highway,2.0,55.0,Editor,Complete,12/30/2024 10:53:25 AM,28.3328831267568,-81.497426130312,W IRLO BRONSON MEMORIAL HWY         ,,US 192,E-Scooter
26454252,4/21/2026 12:00:00 AM,Urban,2.0,Principal Arterial - Other,3.0,State Highway Agency,1.0,On the National Highway System,1.0,US Highway,2.0,45.0,Editor,Preliminary,7/28/2026 6:54:24 PM,25.1131223487895,-80.4228273194489,FLORIDA KEYS SCENIC HWY             ,SR 5,US 1,E-Bike
26371894,4/1/2025 12:00:00 AM,Urban,2.0,Principal Arterial - Other,3.0,State Highway Agency,1.0,On the National Highway System,1.0,US Highway,2.0,45.0,Editor,Complete,11/17/2025 4:23:47 PM,25.1599110758059,-80.3836854261719,FLORIDA KEYS SCENIC HWY             ,,,E-Scooter
27027638,8/12/2025 12:00:00 AM,Urban,2.0,Minor Arterial,4.0,County Highway Agency,2.0,Not on the National Highway System,6.0,Municipality,6.0,35.0,Editor,Complete,6/5/2026 5:12:08 PM,28.4943737224625,-81.3990519270489,W HOLDEN AVE                        ,,,E-Scooter
27110806,2/23/2026 12:00:00 AM,Urban,2.0,Principal Arterial - Other,3.0,State Highway Agency,1.0,On the National Highway System,1.0,US Highway,2.0,50.0,Editor,Complete,6/17/2026 9:26:29 AM,28.3324270158716,-81.5673386324693,W IRLO BRONSON MEMORIAL HWY         ,SR 530,US 192,Bicycle
26888187,12/6/2025 12:00:00 AM,Urban,2.0,Minor Arterial,4.0,County Highway Agency,2.0,Not on the National Highway System,6.0,County Road,4.0,55.0,Editor,Complete,6/9/2026 12:25:27 PM,28.2256303253444,-81.3171593826982,OLD CANOE CREEK RD                  ,CR 525,,E-Scooter
27031390,10/30/2025 12:00:00 AM,Urban,2.0,Principal Arterial - Other,3.0,State Highway Agency,1.0,On the National Highway System,1.0,State Highway,3.0,35.0,Editor,Complete,6/1/2026 1:31:40 PM,28.2003476951898,-80.5960592281548,HIGHWAY A1A                         ,SR A1A,,E-Bike
26946470,2/4/2025 12:00:00 AM,Urban,2.0,Principal Arterial - Other,3.0,State Highway Agency,1.0,On the National Highway System,1.0,US Highway,2.0,25.0,Editor,Complete,5/11/2026 5:18:41 PM,28.8323719057314,-82.3259422233649,S FLORIDA AVE                       ,SR 45,US 41,E-Bike
27047622,9/30/2025 12:00:00 AM,Urban,2.0,Principal Arterial - Other,3.0,State Highway Agency,1.0,On the National Highway System,1.0,State Highway,3.0,45.0,Editor,Complete,5/11/2026 3:48:45 PM,27.9226610358987,-82.3923955944876,CAUSEWAY BLVD                       ,SR 676,,E-Bike
27012351,1/13/2026 12:00:00 AM,Urban,2.0,Minor Collector,6.0,County Highway Agency,2.0,Not on the National Highway System,6.0,Municipality,6.0,35.0,Editor,Complete,6/17/2026 1:56:39 PM,29.0087346386723,-82.4577955658021,N CITRUS SPRINGS BLVD               ,,,E-Scooter
26993393,5/11/2025 12:00:00 AM,Urban,2.0,Local,7.0,County Highway Agency,2.0,Not on the National Highway System,6.0,Other,8.0,30.0,Editor,Complete,5/11/2026 5:38:04 PM,29.1382088226457,-82.0350240509272,HEMLOCK RD                          ,,,E-Bike
27386977,9/20/2025 12:00:00 AM,Urban,2.0,Major Collector,5.0,County Highway Agency,2.0,Not on the National Highway System,6.0,County Road,4.0,45.0,Editor,Complete,6/8/2026 3:36:23 PM,27.7605941279512,-82.6998193044505,49TH ST S                           ,CR 611,,Bicycle
27324344,11/19/2025 12:00:00 AM,Urban,2.0,Minor Arterial,4.0,State Highway Agency,1.0,Not on the National Highway System,6.0,State Highway,3.0,45.0,Editor,Complete,5/18/2026 5:48:06 PM,29.6343183187032,-82.3726795552355,SW 34TH ST                          ,SR 121,,E-Bike
27040999,8/20/2025 12:00:00 AM,Urban,2.0,Major Collector,5.0,County Highway Agency,2.0,Not on the National Highway System,6.0,Municipality,6.0,30.0,Editor,Complete,5/18/2026 3:17:18 PM,28.1990260982076,-82.7466837776118,GULF TRACE BLVD                     ,,,E-Bike
26947508,4/25/2025 12:00:00 AM,Urban,2.0,Major Collector,5.0,County Highway Agency,2.0,Not on the National Highway System,6.0,County Road,4.0,30.0,Editor,Complete,5/15/2026 5:02:06 PM,27.8508111441752,-82.803616263401,86TH AVE N                          ,CR 264,,E-Bike
27022747,9/25/2025 12:00:00 AM,Urban,2.0,Principal Arterial - Other,3.0,State Highway Agency,1.0,On the National Highway System,1.0,US Highway,2.0,40.0,Editor,Complete,6/10/2026 9:49:53 AM,27.4664606878401,-82.5753787828283,14TH ST W                           ,SR 45,USB 41,E-Bike
27072078,2/7/2026 12:00:00 AM,Urban,2.0,Interstate,1.0,State Highway Agency,1.0,On the National Highway System,1.0,Interstate,1.0,55.0,Editor,Complete,5/28/2026 1:16:42 PM,25.8119657915364,-80.1383919494936,JULIA TUTTLE CSWY                   ,SR 112,I 195,E-Scooter
26987979,4/11/2025 12:00:00 AM,Urban,2.0,Principal Arterial - Other,3.0,State Highway Agency,1.0,On the National Highway System,1.0,US Highway,2.0,60.0,Editor,Complete,5/27/2026 12:56:11 PM,30.4895868728052,-81.7874438885114,OLD KINGS RD N                      ,SR 5,US 1,Bicycle
27039614,8/16/2025 12:00:00 AM,Urban,2.0,Principal Arterial - Other,3.0,State Highway Agency,1.0,On the National Highway System,1.0,US Highway,2.0,55.0,Editor,Complete,6/1/2026 1:31:44 PM,28.4935702064034,-80.7783871889859,INDIAN RIVER LAGOON SCENIC HWY      ,SR 5,US 1,Bicycle
27004594,9/2/2025 12:00:00 AM,Rural,1.0,Major Collector,5.0,County Highway Agency,2.0,Not on the National Highway System,6.0,County Road,4.0,55.0,Editor,Complete,7/14/2026 11:09:33 AM,30.1616892177268,-82.7654943101467,SW PINEMOUNT RD                     ,CR 252,,Bicycle
27069419,12/23/2025 12:00:00 AM,Urban,2.0,Local,7.0,County Highway Agency,2.0,Not on the National Highway System,6.0,Municipality,6.0,30.0,Editor,Complete,6/4/2026 3:09:41 PM,28.4816253523338,-82.6032318330708,TOUCAN TRL                          ,,,E-Bike
27164315,11/27/2025 12:00:00 AM,Urban,2.0,Major Collector,5.0,County Highway Agency,2.0,Not on the National Highway System,6.0,Municipality,6.0,40.0,Editor,Complete,6/8/2026 2:07:27 PM,27.3377030092425,-82.5139612310302,N TUTTLE AVE                        ,,,E-Bike
27049219,10/26/2025 12:00:00 AM,Urban,2.0,Principal Arterial - Other,3.0,State Highway Agency,1.0,On the National Highway System,1.0,US Highway,2.0,55.0,Editor,Complete,6/8/2026 3:21:58 PM,28.1080925172598,-82.7396884684603,US HIGHWAY 19 N                     ,SR 55,US 19 ,E-Bike
26982009,4/15/2025 12:00:00 AM,Urban,2.0,Major Collector,5.0,County Highway Agency,2.0,Not on the National Highway System,6.0,Municipality,6.0,25.0,Editor,Complete,5/11/2026 3:42:09 PM,27.4811457301764,-82.603924606488,21ST AVE W                          ,,,E-Scooter
27019162,7/29/2025 12:00:00 AM,Urban,2.0,Major Collector,5.0,County Highway Agency,2.0,Not on the National Highway System,6.0,County Road,4.0,45.0,Editor,Complete,5/18/2026 2:55:32 PM,28.2591041394668,-82.6859692317116,MASSACHUSETTS AVE                   ,CR 587,,E-Bike
27318061,3/29/2025 12:00:00 AM,Urban,2.0,Major Collector,5.0,City or Municipal Highway Agency,4.0,Not on the National Highway System,6.0,Municipality,6.0,25.0,Editor,Complete,6/8/2026 2:05:23 PM,26.120511952365,-80.1448649555907,SW 2ND ST                           ,,,E-Scooter
27365339,12/14/2025 12:00:00 AM,Urban,2.0,Minor Arterial,4.0,County Highway Agency,2.0,Not on the National Highway System,6.0,County Road,4.0,35.0,Editor,Complete,5/19/2026 8:29:32 AM,30.4637055673735,-84.2925485204235,W THARPE ST                         ,CR 158,,E-Bike
26973655,7/1/2025 12:00:00 AM,Urban,2.0,Major Collector,5.0,County Highway Agency,2.0,On the National Highway System,1.0,County Road,4.0,45.0,Editor,Complete,5/18/2026 12:56:46 PM,28.9493934245744,-80.8391091832073,TURTLEMOUND RD                      ,CR A1A,,E-Bike
27291140,2/20/2025 12:00:00 AM,Urban,2.0,Major Collector,5.0,County Highway Agency,2.0,Not on the National Highway System,6.0,Other,8.0,50.0,Officer,Complete,5/11/2026 6:15:14 PM,26.3494057222789,-80.2121549287878,W PALMETTO PARK RD                  ,,,E-Scooter
26994287,7/13/2025 12:00:00 AM,Urban,2.0,Local,7.0,City or Municipal Highway Agency,4.0,Not on the National Highway System,6.0,Municipality,6.0,25.0,Editor,Complete,6/8/2026 3:21:44 PM,27.8246900442857,-82.6971358586688,58TH AVE N                          ,,,E-Bike
27136853,3/28/2026 12:00:00 AM,Urban,2.0,Principal Arterial - Other,3.0,State Highway Agency,1.0,On the National Highway System,1.0,US Highway,2.0,55.0,Editor,Complete,6/12/2026 5:58:08 PM,27.0439109119961,-82.2952320667523,TAMIAMI TRL S                       ,SR 45,US 41,Bicycle
27086747,1/22/2026 12:00:00 AM,Urban,2.0,Minor Arterial,4.0,County Highway Agency,2.0,Not on the National Highway System,6.0,Municipality,6.0,40.0,Editor,Complete,5/7/2026 9:28:37 AM,28.4720802237109,-81.4362470368384,W OAK RIDGE RD                      ,,,E-Scooter
26931991,9/2/2024 12:00:00 AM,Urban,2.0,Principal Arterial - Other,3.0,State Highway Agency,1.0,On the National Highway System,1.0,State Highway,3.0,50.0,Editor,Complete,12/19/2024 3:55:37 PM,28.0544478991746,-82.3932997991824,E FOWLER AVE                        ,,,E-Scooter
26875725,3/27/2025 12:00:00 AM,Urban,2.0,Principal Arterial - Other,3.0,State Highway Agency,1.0,On the National Highway System,1.0,US Highway,2.0,45.0,Officer,Complete,5/11/2026 4:40:36 PM,27.9696433861055,-82.4017914721934,N 50TH ST                           ,SR 599,US 41,E-Bike
27273021,3/25/2025 12:00:00 AM,Urban,2.0,Local,7.0,County Highway Agency,2.0,Not on the National Highway System,6.0,Municipality,6.0,45.0,Editor,Complete,6/10/2026 2:14:48 PM,28.24490113243,-81.5791848053094,PINEWOOD DR                         ,,,Bicycle
27010661,8/28/2025 12:00:00 AM,Urban,2.0,Principal Arterial - Other,3.0,State Highway Agency,1.0,On the National Highway System,1.0,US Highway,2.0,65.0,Editor,Complete,6/4/2026 3:09:36 PM,30.0317670254147,-81.4092530905177,US HIGHWAY 1 N                      ,SR 5,US 1,E-Bike
27300686,7/16/2025 12:00:00 AM,Urban,2.0,Minor Collector,6.0,County Highway Agency,2.0,Not on the National Highway System,6.0,Municipality,6.0,25.0,Officer,Complete,5/28/2026 6:14:44 PM,26.3350776317067,-80.2112591267964,SANDALFOOT BLVD W                   ,,,E-Scooter
27124896,3/9/2026 12:00:00 AM,Urban,2.0,Principal Arterial - Other,3.0,State Highway Agency,1.0,On the National Highway System,1.0,US Highway,2.0,50.0,Editor,Complete,6/12/2026 5:58:07 PM,27.5321596201096,-82.5607808981458,TAMIAMI TRL                         ,SR 45,US 41,E-Bike
27415767,5/23/2026 12:00:00 AM,Urban,2.0,Local,7.0,County Highway Agency,2.0,Not on the National Highway System,6.0,Municipality,6.0,25.0,Editor,Complete,6/17/2026 3:12:06 PM,25.8640425421528,-80.1239079451684,79TH ST                             ,,,E-Scooter
85887633,8/22/2023 12:00:00 AM,Urban,2.0,Minor Arterial,4.0,County Highway Agency,2.0,Not on the National Highway System,6.0,County Road,4.0,40.0,Editor,Complete,1/13/2025 10:53:02 AM,28.0255348642629,-82.4971602259574,W WATERS AVE                        ,,,E-Bike
88489827,4/19/2021 12:00:00 AM,Urban,2.0,Minor Arterial,4.0,State Highway Agency,1.0,Not on the National Highway System,6.0,State Highway,3.0,40.0,Editor,Complete,1/19/2023 10:21:01 AM,30.4295233701777,-87.3091565773515,W FAIRFIELD DR                      ,SR  727 ,,E-Bike
89610502,3/27/2023 12:00:00 AM,Urban,2.0,Minor Arterial,4.0,County Highway Agency,2.0,Not on the National Highway System,6.0,County Road,4.0,50.0,Editor,Complete,8/24/2023 9:48:32 AM,26.5464527991768,-81.8393800294903,BEN C PRATT PKWY                    ,,,E-Scooter
89572237,11/10/2021 12:00:00 AM,Urban,2.0,Principal Arterial - Other,3.0,State Highway Agency,1.0,On the National Highway System,1.0,State Highway,3.0,45.0,Editor,Complete,1/19/2023 10:24:47 AM,28.4550986762731,-81.3647457990611,ORANGE AVE S                        ,SR  527 ,,E-Bike
85447874,1/1/2017 12:00:00 AM,Rural,1.0,Local,7.0,Trafficway Not in State Inventory,96.0,Not on the National Highway System,6.0,Other,8.0,25.0,Editor,Complete,3/5/2025 8:56:28 PM,28.665753228927,-81.5164548368562,W 10TH ST                           ,,,Bicycle
87547344,3/8/2018 12:00:00 AM,Urban,2.0,Major Collector,5.0,Trafficway Not in State Inventory,96.0,Not on the National Highway System,6.0,Municipality,6.0,30.0,Editor,Complete,3/5/2025 9:42:25 PM,29.211535644789,-82.1155026846837,NE 24TH ST                          ,,,Bicycle
88528345,8/24/2021 12:00:00 AM,Urban,2.0,Principal Arterial - Other,3.0,State Highway Agency,1.0,On the National Highway System,1.0,US Highway,2.0,45.0,Editor,Complete,1/19/2023 10:24:46 AM,24.6694768173785,-81.3479593108191,FLORIDA KEYS SCENIC HWY             ,SR    5 ,US    1 ,E-Bike
87666961,4/6/2018 12:00:00 AM,Urban,2.0,Principal Arterial - Other,3.0,State Highway Agency,1.0,On the National Highway System,1.0,US Highway,2.0,55.0,Editor,Complete,3/5/2025 9:50:32 PM,28.159108773399,-81.9736206520487,US HIGHWAY 98 N                     ,SR   35 ,US   98 ,E-Scooter
89728924,12/29/2023 12:00:00 AM,Urban,2.0,Principal Arterial - Other,3.0,State Highway Agency,1.0,On the National Highway System,1.0,State Highway,3.0,55.0,Editor,Preliminary,7/17/2024 10:36:43 AM,27.5001956048804,-81.7907641309607,E SR-64                             ,SR 64,,E-Bike
89435116,6/12/2020 12:00:00 AM,Urban,2.0,Minor Arterial,4.0,Trafficway Not in State Inventory,96.0,Not on the National Highway System,6.0,County Road,4.0,45.0,Editor,Not reviewed,6/16/2020 11:13:53 AM,28.0568881641469,-82.5312973126265,FOUR OAKS AVE                       ,,,Bicycle
88551898,8/7/2021 12:00:00 AM,Rural,1.0,Principal Arterial - Other,3.0,State Highway Agency,1.0,On the National Highway System,1.0,State Highway,3.0,45.0,Editor,Complete,1/19/2023 10:24:28 AM,28.8713370949137,-82.0852702748288,E SR-44                             ,SR   44 ,,E-Bike
89742824,2/17/2024 12:00:00 AM,Rural,1.0,Major Collector,5.0,County Highway Agency,2.0,Not on the National Highway System,6.0,County Road,4.0,55.0,Editor,Complete,12/19/2024 3:55:36 PM,29.7019716434,-81.9130488590694,CR-315                              ,,,E-Scooter
89742965,9/16/2024 12:00:00 AM,Urban,2.0,Local,7.0,County Highway Agency,2.0,Not on the National Highway System,6.0,Municipality,6.0,30.0,Editor,Complete,5/27/2026 12:58:59 PM,29.5152761715886,-81.2229568092418,PINE GROVE DR                       ,,,E-Bike
86841948,7/2/2017 12:00:00 AM,Urban,2.0,Principal Arterial - Other,3.0,State Highway Agency,1.0,On the National Highway System,1.0,State Highway,3.0,45.0,Editor,Complete,3/5/2025 8:39:17 PM,28.0326087654912,-82.4181744568016,E BUSCH BLVD                        ,SR  580 ,,Bicycle
85025276,3/11/2016 12:00:00 AM,Urban,2.0,Minor Arterial,4.0,State Highway Agency,1.0,Not on the National Highway System,6.0,State Highway,3.0,40.0,Editor,Complete,3/5/2025 7:29:41 PM,25.9460179883691,-80.1626054343397,NE 185TH ST                         ,SR  860 ,,E-Bike
89976650,12/17/2023 12:00:00 AM,Urban,2.0,Minor Arterial,4.0,County Highway Agency,2.0,Not on the National Highway System,6.0,Municipality,6.0,30.0,Officer,Complete,5/11/2026 1:55:48 PM,27.9418037625712,-82.4829737282191,S HOWARD AVE                        ,,,E-Scooter
89154382,6/20/2019 12:00:00 AM,Urban,2.0,Principal Arterial - Other,3.0,State Highway Agency,1.0,On the National Highway System,1.0,US Highway,2.0,45.0,Editor,Complete,3/5/2025 11:34:28 PM,27.9472077364563,-82.4364340747509,S 20TH ST                           ,SR   45 ,USB  41 ,E-Scooter
88236457,11/19/2019 12:00:00 AM,Urban,2.0,Principal Arterial - Other,3.0,State Highway Agency,1.0,On the National Highway System,1.0,US Highway,2.0,45.0,Editor,Complete,3/5/2025 11:13:55 PM,27.8792109016401,-82.7870130158439,SEMINOLE BLVD                       ,SR  595 ,USA  19 ,Bicycle
88578113,7/12/2023 12:00:00 AM,Urban,2.0,Minor Arterial,4.0,County Highway Agency,2.0,Not on the National Highway System,6.0,County Road,4.0,35.0,Editor,Complete,10/4/2023 8:51:38 AM,27.6088144804423,-80.3885196571867,4TH ST                              ,,,E-Bike
88431875,1/22/2021 12:00:00 AM,Urban,2.0,Principal Arterial - Other,3.0,State Highway Agency,1.0,On the National Highway System,1.0,US Highway,2.0,55.0,Editor,Complete,1/19/2023 10:17:13 AM,27.2232411035306,-82.4920605108331,S TAMIAMI TRL                       ,SR   45 ,US   41 ,Bicycle
88031556,11/4/2018 12:00:00 AM,Urban,2.0,Principal Arterial - Other,3.0,State Highway Agency,1.0,On the National Highway System,1.0,US Highway,2.0,45.0,Editor,Complete,3/5/2025 10:04:27 PM,27.9962896329446,-82.3913615861202,E HILLSBOROUGH AVE                  ,SR  600 ,US   92 ,Bicycle
89629840,4/7/2023 12:00:00 AM,Rural,1.0,Principal Arterial - Other,3.0,State Highway Agency,1.0,On the National Highway System,1.0,State Highway,3.0,60.0,Editor,Complete,9/13/2023 12:07:33 PM,27.9376690192371,-82.2147585944578,E STATE ROAD 60                     ,,,Bicycle
88463112,4/12/2021 12:00:00 AM,Urban,2.0,Local,7.0,Other Local Agency,25.0,Not on the National Highway System,6.0,Municipality,6.0,35.0,Editor,Complete,1/14/2025 3:35:20 PM,30.4477948643631,-87.3161257408901,MULDOON RD                          ,,,E-Scooter
89619181,3/9/2023 12:00:00 AM,Urban,2.0,Minor Arterial,4.0,State Highway Agency,1.0,Not on the National Highway System,6.0,US Highway,2.0,25.0,Editor,Complete,9/13/2023 12:13:25 PM,28.0735916353613,-82.767164207711,ALT 19                              ,,,Bicycle
89650375,8/12/2023 12:00:00 AM,Rural,1.0,Major Collector,5.0,State Highway Agency,1.0,Not on the National Highway System,6.0,State Highway,3.0,55.0,Editor,Preliminary,1/11/2024 5:35:48 PM,29.416598361535,-82.8888556685882,SR-345                              ,SR 345,,E-Bike
89757444,2/6/2024 12:00:00 AM,Urban,2.0,Principal Arterial - Other,3.0,State Highway Agency,1.0,On the National Highway System,1.0,State Highway,3.0,40.0,Editor,Complete,12/27/2024 2:18:55 PM,27.4713451767198,-82.5753549741245,14TH ST W                           ,,,Bicycle
86585982,7/19/2016 12:00:00 AM,Urban,2.0,Major Collector,5.0,Trafficway Not in State Inventory,96.0,Not on the National Highway System,6.0,Municipality,6.0,40.0,Editor,Complete,3/5/2025 7:55:47 PM,25.4776566027595,-80.4266272989358,NE 8TH ST                           ,,,E-Scooter
85489105,5/14/2017 12:00:00 AM,Urban,2.0,Principal Arterial - Other,3.0,State Highway Agency,1.0,On the National Highway System,1.0,State Highway,3.0,50.0,Editor,Complete,3/5/2025 9:09:57 PM,28.0308677611208,-82.6404937025827,W HILLSBOROUGH AVE                  ,SR  580 ,,E-Bike
89752559,12/10/2023 12:00:00 AM,Urban,2.0,Principal Arterial - Other,3.0,State Highway Agency,1.0,On the National Highway System,1.0,State Highway,3.0,45.0,Editor,Preliminary,7/17/2024 10:27:32 AM,28.5552777501755,-81.1119162602768,E COLONIAL DR                       ,SR 50,,Bicycle
88519763,8/16/2021 12:00:00 AM,Urban,2.0,Principal Arterial - Other,3.0,State Highway Agency,1.0,On the National Highway System,1.0,US Highway,2.0,55.0,Editor,Complete,1/19/2023 10:23:09 AM,27.4618584462254,-82.5302148926524,US-301                              ,SR  683 ,US  301 ,E-Scooter
85871386,10/11/2017 12:00:00 AM,Urban,2.0,Principal Arterial - Other,3.0,State Highway Agency,1.0,On the National Highway System,1.0,US Highway,2.0,45.0,Editor,Complete,3/5/2025 9:17:17 PM,27.5893425404404,-81.5143837626733,US HIGHWAY 27 S                     ,SR   25 ,US   27 ,E-Scooter
87206952,4/15/2018 12:00:00 AM,Urban,2.0,Principal Arterial - Other,3.0,State Highway Agency,1.0,On the National Highway System,1.0,US Highway,2.0,45.0,Editor,Complete,3/5/2025 9:56:01 PM,27.0822296263514,-82.4253400245376,VENICE BYP S                        ,SR   45A,US   41 ,Bicycle
88321013,3/26/2020 12:00:00 AM,Urban,2.0,Principal Arterial - Other,3.0,State Highway Agency,1.0,On the National Highway System,1.0,State Highway,3.0,45.0,Editor,Not reviewed,4/10/2020 12:45:48 PM,27.8831300637805,-82.7292167659363,66TH ST N                           ,SR  693 ,,E-Scooter
84491969,12/2/2014 12:00:00 AM,,,,,,,,,Township,5.0,45.0,Editor,Complete,3/5/2025 4:54:12 PM,28.3823692176901,-82.6705305330536,BOLTON AVE                          ,,,Bicycle
89816521,7/15/2020 12:00:00 AM,Urban,2.0,Principal Arterial - Other,3.0,State Highway Agency,1.0,On the National Highway System,1.0,US Highway,2.0,45.0,Editor,Complete,1/19/2023 5:20:19 PM,27.2710516385902,-80.2882174496886,S FEDERAL HWY                       ,SR    5 ,US    1 ,E-Scooter
88024950,7/11/2019 12:00:00 AM,Urban,2.0,Principal Arterial - Other,3.0,State Highway Agency,1.0,On the National Highway System,1.0,US Highway,2.0,55.0,Editor,Complete,3/5/2025 10:56:12 PM,28.4196920085502,-80.7562173768517,N COCOA BLVD                        ,SR    5 ,US    1 ,E-Scooter
89438449,8/14/2021 12:00:00 AM,Urban,2.0,Minor Arterial,4.0,Trafficway Not in State Inventory,96.0,Not on the National Highway System,6.0,County Road,4.0,35.0,Editor,Not reviewed,9/13/2021 1:29:59 PM,28.0692720224292,-82.4249769764426,E FLETCHER AVE                      ,,,E-Scooter
89655074,9/18/2023 12:00:00 AM,Urban,2.0,Minor Arterial,4.0,State Highway Agency,1.0,Not on the National Highway System,6.0,State Highway,3.0,45.0,Editor,Complete,1/14/2025 2:19:53 PM,29.6143972730162,-82.3919005169581,SW ARCHER RD                        ,SR 24,,E-Scooter
89713797,10/6/2025 12:00:00 AM,Urban,2.0,Minor Arterial,4.0,County Highway Agency,2.0,Not on the National Highway System,6.0,Municipality,6.0,50.0,Editor,Complete,5/22/2026 2:20:41 PM,28.3634697161508,-81.5295362420318,EPCOT CENTER DR                     ,,,E-Bike
89631024,3/29/2023 12:00:00 AM,Urban,2.0,Minor Arterial,4.0,County Highway Agency,2.0,Not on the National Highway System,6.0,County Road,4.0,45.0,Editor,Complete,9/13/2023 12:15:10 PM,26.5139434473637,-81.9491867877181,MCGREGOR BLVD                       ,,,E-Bike
88479138,7/22/2021 12:00:00 AM,Urban,2.0,Minor Arterial,4.0,County Highway Agency,2.0,Not on the National Highway System,6.0,County Road,4.0,40.0,Editor,Complete,1/10/2025 2:04:54 PM,29.6568099335081,-82.4224681703788,NW 75TH ST                          ,,,Bicycle
87823270,1/24/2020 12:00:00 AM,Urban,2.0,Principal Arterial - Other,3.0,State Highway Agency,1.0,On the National Highway System,1.0,State Highway,3.0,40.0,Editor,Complete,1/19/2023 5:22:07 PM,26.0327827464489,-80.182211815374,SHERIDAN ST                         ,SR  822 ,,Bicycle
85160606,11/24/2015 12:00:00 AM,,,,,,,,,Municipality,6.0,45.0,Editor,Complete,3/5/2025 6:11:18 PM,30.1377248990687,-85.5496787294519,OLD BICYCLE RD                      ,,,Bicycle
84256709,7/16/2025 12:00:00 AM,Urban,2.0,Local,7.0,County Highway Agency,2.0,Not on the National Highway System,6.0,Municipality,6.0,30.0,Editor,Complete,5/15/2026 5:45:59 PM,27.6949504974452,-82.4437111947584,7TH ST SW                           ,,,E-Bike
89384398,9/23/2020 12:00:00 AM,Urban,2.0,Minor Arterial,4.0,City or Municipal Highway Agency,4.0,Not on the National Highway System,6.0,Municipality,6.0,35.0,Editor,Complete,5/31/2024 12:41:12 PM,27.748421698835,-82.6466950104589,22ND AVE S                          ,,,E-Bike
89672683,11/22/2023 12:00:00 AM,Urban,2.0,Minor Arterial,4.0,State Highway Agency,1.0,Not on the National Highway System,6.0,State Highway,3.0,45.0,Editor,Preliminary,3/13/2024 5:09:24 PM,26.0566181768726,-81.6997351930541,COLLIER BLVD                        ,SR 951,,Bicycle
87879531,7/13/2022 12:00:00 AM,Urban,2.0,Principal Arterial - Other,3.0,State Highway Agency,1.0,On the National Highway System,1.0,US Highway,2.0,50.0,Editor,Complete,8/1/2023 11:03:28 AM,27.5188386841052,-81.4964188955703,US-27                               ,SR 25,US 27,E-Bike
83829111,2/22/2015 12:00:00 AM,,,,,,,,,State Highway,3.0,30.0,Editor,Complete,3/5/2025 5:38:22 PM,29.9100595676592,-81.3160921314586,A1A SCENIC AND HISTORIC COASTAL BYWY,SR  A1A ,,Bicycle
89661227,6/18/2023 12:00:00 AM,Urban,2.0,Major Collector,5.0,County Highway Agency,2.0,Not on the National Highway System,6.0,County Road,4.0,50.0,Editor,Complete,9/12/2023 10:48:41 AM,28.5529587792121,-82.5001133777879,SUNSHINE GROVE RD                   ,,,E-Bike
89748315,3/7/2025 12:00:00 AM,Urban,2.0,Major Collector,5.0,County Highway Agency,2.0,Not on the National Highway System,6.0,County Road,4.0,40.0,Editor,Complete,5/21/2026 2:04:43 PM,27.616125560031,-80.3965880430392,8TH ST                              ,CR 612,,Bicycle
88198132,6/18/2024 12:00:00 AM,Urban,2.0,Major Collector,5.0,County Highway Agency,2.0,Not on the National Highway System,6.0,Other,8.0,35.0,Editor,Preliminary,7/10/2025 4:36:00 PM,26.5645491573894,-81.8560424062334,CRYSTAL DR                          ,,,E-Scooter
89170348,6/26/2020 12:00:00 AM,Urban,2.0,Local,7.0,City or Municipal Highway Agency,4.0,Not on the National Highway System,6.0,Municipality,6.0,25.0,Editor,Complete,5/31/2024 10:02:05 AM,28.0239592888804,-82.4489842010379,E JUNEAU ST                         ,,,E-Scooter
27979792,5/10/2026 12:00:00 AM,Urban,2.0,Major Collector,5.0,County Highway Agency,2.0,Not on the National Highway System,6.0,Municipality,6.0,45.0,Editor,Preliminary,7/26/2026 7:24:25 PM,28.4144671265792,-81.22368256199,MOSS PARK RD                        ,,,E-Scooter
88381669,12/8/2020 12:00:00 AM,Urban,2.0,Major Collector,5.0,City or Municipal Highway Agency,4.0,Not on the National Highway System,6.0,Municipality,6.0,35.0,Editor,Complete,5/29/2024 1:16:36 PM,29.6366204957668,-82.2893092780689,SE 27TH ST                          ,,,Bicycle
25922789,5/6/2023 12:00:00 AM,Urban,2.0,Local,7.0,Trafficway Not in State Inventory,96.0,Not on the National Highway System,6.0,Other,8.0,25.0,Editor,Complete,9/14/2023 9:51:25 AM,28.0599635867911,-82.3903867911308,N 59TH ST                           ,,,E-Bike
25194838,8/26/2022 12:00:00 AM,Urban,2.0,Local,7.0,City or Municipal Highway Agency,4.0,Not on the National Highway System,6.0,Municipality,6.0,30.0,Editor,Complete,7/31/2023 12:10:01 PM,27.8718903773854,-82.7066505828187,110TH AVE N                         ,,,E-Bike
25663727,5/25/2023 12:00:00 AM,Urban,2.0,Major Collector,5.0,City or Municipal Highway Agency,4.0,Not on the National Highway System,6.0,Municipality,6.0,50.0,Editor,Complete,9/11/2023 12:25:08 PM,28.4828437985004,-81.4546366986839,VINELAND RD                         ,,,E-Scooter
25773033,4/6/2023 12:00:00 AM,Urban,2.0,Major Collector,5.0,State Highway Agency,1.0,Not on the National Highway System,6.0,US Highway,2.0,20.0,Officer,Complete,1/13/2025 11:29:23 AM,25.7675098672737,-80.2074694611703,SW 8TH AVE                          ,,US 441,E-Scooter
25862687,9/17/2023 12:00:00 AM,Urban,2.0,Minor Arterial,4.0,County Highway Agency,2.0,Not on the National Highway System,6.0,County Road,4.0,35.0,Editor,Complete,1/5/2024 1:32:34 PM,25.9647967826145,-80.1744782422153,IVES DAIRY RD                       ,,,E-Bike
25949837,10/18/2023 12:00:00 AM,,,,,,,,,,,,Editor,Complete,7/2/2024 1:13:19 PM,28.8984822948439,-82.5808254021401,NE 5TH ST                           ,,,E-Scooter
26011165,5/2/2024 12:00:00 AM,Urban,2.0,Principal Arterial - Other,3.0,County Highway Agency,2.0,On the National Highway System,1.0,Municipality,6.0,45.0,Editor,Complete,6/11/2026 1:33:56 PM,26.2083148340936,-80.2296837268702,W MCNAB RD                          ,,,E-Scooter
25167574,12/30/2024 12:00:00 AM,Urban,2.0,Major Collector,5.0,City or Municipal Highway Agency,4.0,Not on the National Highway System,6.0,Municipality,6.0,30.0,Editor,Preliminary,4/14/2025 3:31:48 PM,26.0186107267654,-80.1594407189892,N 26TH AVE                          ,,,E-Bike
25800989,3/16/2024 12:00:00 AM,Urban,2.0,Principal Arterial - Other,3.0,State Highway Agency,1.0,On the National Highway System,1.0,US Highway,2.0,45.0,Editor,Preliminary,9/5/2024 12:04:07 PM,27.2160006712841,-80.2610564596436,NW FEDERAL HWY                      ,SR 5,US 1,E-Scooter
24974527,6/25/2022 12:00:00 AM,Urban,2.0,Principal Arterial - Other,3.0,State Highway Agency,1.0,On the National Highway System,1.0,US Highway,2.0,50.0,Editor,Complete,6/13/2023 5:51:04 PM,28.3881536520355,-81.4046942691035,ORANGE BLOSSOM TRL S                ,US 441,,Bicycle
25168262,2/12/2025 12:00:00 AM,Urban,2.0,Minor Arterial,4.0,State Highway Agency,1.0,Not on the National Highway System,6.0,State Highway,3.0,35.0,Editor,Complete,9/29/2025 10:39:40 AM,26.034157506873,-80.1163127329376,SE 16TH ST                          ,,,E-Scooter
25880638,1/3/2024 12:00:00 AM,,,,,City or Municipal Highway Agency,4.0,,,Municipality,6.0,40.0,Editor,Preliminary,4/22/2025 12:28:44 PM,25.7481170769393,-80.3093221722944,SW 24TH ST                          ,,,E-Bike
26008506,3/18/2024 12:00:00 AM,,,,,,,,,,,,Editor,Preliminary,3/7/2026 10:36:22 AM,26.0445837669465,-80.2780566366607,SW 60TH ST                          ,,,E-Scooter
25532378,12/9/2022 12:00:00 AM,Urban,2.0,Major Collector,5.0,City or Municipal Highway Agency,4.0,Not on the National Highway System,6.0,Municipality,6.0,45.0,Editor,Complete,6/14/2023 4:38:51 PM,26.6319141334245,-80.1377876009063,SHERWOOD FOREST BLVD                ,,,E-Bike
25039151,1/25/2023 12:00:00 AM,Urban,2.0,Principal Arterial - Other,3.0,State Highway Agency,1.0,On the National Highway System,1.0,US Highway,2.0,5.0,Editor,Complete,8/16/2023 8:55:17 AM,29.0633653363424,-81.2630264150168,E INTERNATIONAL SPEEDWAY BLVD       ,SR 600,US 192,Bicycle
26001778,11/14/2023 12:00:00 AM,Urban,2.0,Minor Arterial,4.0,City or Municipal Highway Agency,4.0,Not on the National Highway System,6.0,Municipality,6.0,35.0,Editor,Preliminary,1/25/2024 5:18:21 PM,26.1882535844832,-80.1751730014164,W PROSPECT RD                       ,,,E-Scooter
24981119,8/21/2022 12:00:00 AM,Urban,2.0,Principal Arterial - Other,3.0,State Highway Agency,1.0,On the National Highway System,1.0,US Highway,2.0,55.0,Editor,Complete,7/31/2023 1:48:08 PM,28.1168175137158,-82.739690178319,US HIGHWAY 19 N                     ,,,Bicycle
25196870,2/13/2025 12:00:00 AM,Urban,2.0,Local,7.0,County Highway Agency,2.0,Not on the National Highway System,6.0,Municipality,6.0,25.0,Editor,Complete,6/9/2026 2:33:36 PM,28.2469358624675,-81.2684163971984,12TH ST                             ,,,E-Scooter
25071059,1/20/2023 12:00:00 AM,Urban,2.0,Minor Arterial,4.0,State Highway Agency,1.0,Not on the National Highway System,6.0,State Highway,3.0,45.0,Editor,Complete,7/28/2023 11:10:14 AM,27.538336082306,-80.3165358997265,N HIGHWAY A1A                       ,,,Bicycle
25561697,7/9/2023 12:00:00 AM,Urban,2.0,Principal Arterial - Other,3.0,State Highway Agency,1.0,On the National Highway System,1.0,State Highway,3.0,45.0,Editor,Complete,12/16/2024 10:46:46 AM,28.5524225367807,-81.4390160098166,W COLONIAL DR                       ,,,E-Scooter
25073214,4/22/2023 12:00:00 AM,Urban,2.0,Major Collector,5.0,State Highway Agency,1.0,Not on the National Highway System,6.0,US Highway,2.0,45.0,Editor,Complete,7/28/2023 11:15:20 AM,28.0764203432148,-81.6201409955633,SCENIC HWY S                        ,,,Bicycle
25740119,11/1/2023 12:00:00 AM,,,,,,,,,,,,Officer,Complete,7/2/2024 1:31:33 PM,27.8592123411161,-82.6977536799367,US HIGHWAY 19 N                     ,,,E-Bike
25928904,4/29/2024 12:00:00 AM,Urban,2.0,Major Collector,5.0,City or Municipal Highway Agency,4.0,Not on the National Highway System,6.0,Municipality,6.0,25.0,Editor,Complete,6/16/2026 3:01:22 PM,25.7821100486707,-80.1325827123663,WASHINGTON AVE                      ,,,Bicycle
25989043,9/9/2023 12:00:00 AM,Urban,2.0,Local,7.0,Trafficway Not in State Inventory,96.0,Not on the National Highway System,6.0,Municipality,6.0,35.0,Editor,Complete,1/10/2024 1:05:55 PM,26.6065387856518,-81.9594514198792,ACADEMY BLVD                        ,,,E-Scooter
25591806,11/27/2023 12:00:00 AM,Urban,2.0,Principal Arterial - Other,3.0,State Highway Agency,1.0,On the National Highway System,1.0,US Highway,2.0,25.0,Editor,Preliminary,3/12/2024 3:16:36 PM,27.9959086631635,-82.4203722931792,N 36TH ST                           ,SR 600,US 441,E-Bike
24954780,9/3/2022 12:00:00 AM,Rural,1.0,Principal Arterial - Other,3.0,State Highway Agency,1.0,On the National Highway System,1.0,US Highway,2.0,60.0,Editor,Complete,7/28/2023 10:22:06 AM,29.9528831000006,-82.8124055825117,US HIGHWAY 27                       ,,,Bicycle
25621564,1/24/2023 12:00:00 AM,Urban,2.0,Principal Arterial - Other,3.0,County Highway Agency,2.0,On the National Highway System,1.0,County Road,4.0,40.0,Editor,Complete,8/15/2023 10:44:38 AM,26.6452432600372,-81.9410372876866,DEL PRADO BLVD S                    ,,,E-Bike
25643228,8/24/2025 12:00:00 AM,Urban,2.0,Principal Arterial - Other,3.0,County Highway Agency,2.0,On the National Highway System,1.0,Municipality,6.0,35.0,Editor,Complete,10/17/2025 9:19:46 AM,25.8787919701959,-80.3569395770225,NW 116TH WAY                        ,,,E-Scooter
25184806,10/5/2022 12:00:00 AM,Urban,2.0,Principal Arterial - Other,3.0,State Highway Agency,1.0,On the National Highway System,1.0,US Highway,2.0,50.0,Editor,Complete,8/4/2023 9:09:57 AM,28.1384387738984,-82.7400499996854,US HIGHWAY 19 N                     ,,,E-Scooter
25045864,1/23/2023 12:00:00 AM,Urban,2.0,Major Collector,5.0,County Highway Agency,2.0,Not on the National Highway System,6.0,County Road,4.0,35.0,Editor,Complete,10/6/2023 4:13:20 PM,27.8205206500432,-82.6682366387938,HAINES RD N                         ,,,E-Bike
25357425,11/21/2022 12:00:00 AM,Urban,2.0,Principal Arterial - Other,3.0,Trafficway Not in State Inventory,96.0,On the National Highway System,1.0,Municipality,6.0,45.0,Editor,Complete,6/15/2023 11:13:16 AM,28.0978074289312,-80.6598314402053,W NASA BLVD                         ,,,E-Bike
25167252,12/11/2024 12:00:00 AM,Urban,2.0,Local,7.0,City or Municipal Highway Agency,4.0,Not on the National Highway System,6.0,Municipality,6.0,25.0,Editor,Preliminary,10/30/2025 11:53:23 AM,26.0304888898305,-80.2001648044341,THOMAS ST                           ,,,E-Scooter
25045279,2/13/2023 12:00:00 AM,Urban,2.0,Minor Arterial,4.0,City or Municipal Highway Agency,4.0,Not on the National Highway System,6.0,Municipality,6.0,35.0,Editor,Complete,8/25/2023 9:38:35 AM,26.9642025180403,-82.0770811227038,EDGEWATER DR                        ,,,Bicycle
25244671,4/13/2023 12:00:00 AM,Urban,2.0,Local,7.0,Trafficway Not in State Inventory,96.0,Not on the National Highway System,6.0,Municipality,6.0,30.0,Editor,Complete,7/24/2023 2:13:59 PM,25.6058918597202,-80.3611637773749,SW 176TH ST                         ,,,E-Scooter
25960376,2/13/2024 12:00:00 AM,Urban,2.0,Minor Arterial,4.0,State Highway Agency,1.0,Not on the National Highway System,6.0,State Highway,3.0,35.0,Editor,Preliminary,7/2/2024 11:48:19 AM,27.7772836327702,-82.6999721296119,5TH AVE N                           ,SR 595,US 319,E-Bike
27716907,11/18/2025 12:00:00 AM,Urban,2.0,Major Collector,5.0,County Highway Agency,2.0,Not on the National Highway System,6.0,Municipality,6.0,35.0,Editor,Complete,6/11/2026 1:29:30 PM,27.9411367038038,-82.3756968974254,PALM RIVER RD                       ,,,E-Bike
27754217,12/31/2025 12:00:00 AM,Urban,2.0,Local,7.0,County Highway Agency,2.0,Not on the National Highway System,6.0,Municipality,6.0,25.0,Officer,Complete,5/19/2026 12:11:31 PM,25.7675792150832,-80.2178484416018,SW 6TH ST                           ,,,E-Scooter
27464923,8/21/2025 12:00:00 AM,Urban,2.0,Minor Arterial,4.0,County Highway Agency,2.0,Not on the National Highway System,6.0,County Road,4.0,40.0,Editor,Complete,6/9/2026 10:24:14 AM,25.9546544276811,-80.2403498356769,NW 199TH ST                         ,CR 854,,E-Bike
27429851,7/2/2025 12:00:00 AM,Urban,2.0,Minor Arterial,4.0,County Highway Agency,2.0,Not on the National Highway System,6.0,Municipality,6.0,35.0,Officer,Complete,6/9/2026 2:33:43 PM,25.8092424349237,-80.2321404113083,NW 22ND AVE                         ,,,E-Scooter
27675247,10/24/2025 12:00:00 AM,Urban,2.0,Principal Arterial - Other,3.0,State Highway Agency,1.0,On the National Highway System,1.0,US Highway,2.0,45.0,Editor,Complete,6/10/2026 2:14:53 PM,28.0479541193986,-81.9159940207953,E MEMORIAL BLVD                     ,SR 600,US 92,E-Scooter
27652466,2/21/2026 12:00:00 AM,,,,,,,,,,,,Officer,Not reviewed,5/29/2026 9:04:31 PM,27.9607770189084,-82.7876558328077,COURT ST                            ,,,E-Bike
27770479,12/26/2025 12:00:00 AM,Rural,1.0,Minor Arterial,4.0,State Highway Agency,1.0,On the National Highway System,1.0,State Highway,3.0,45.0,Editor,Complete,6/8/2026 2:05:28 PM,26.0463734069715,-80.221274428632,SW 60TH ST                          ,SR 848,,E-Scooter
27634268,3/7/2026 12:00:00 AM,Urban,2.0,Local,7.0,Other Local Agency,25.0,Not on the National Highway System,6.0,Other,8.0,0.0,Officer,Preliminary,7/28/2026 12:54:11 PM,26.1353839726972,-81.7588970614284,GLADES BLVD                         ,,,E-Bike
27642613,9/19/2025 12:00:00 AM,Urban,2.0,Minor Collector,6.0,City or Municipal Highway Agency,4.0,Not on the National Highway System,6.0,Municipality,6.0,30.0,Editor,Complete,6/9/2026 6:18:14 PM,26.1292050749713,-80.1659679324154,NW 6TH ST                           ,,,E-Scooter
27428746,6/7/2025 12:00:00 AM,Urban,2.0,Minor Arterial,4.0,State Highway Agency,1.0,Not on the National Highway System,6.0,State Highway,3.0,40.0,Officer,Complete,6/8/2026 2:07:30 PM,25.8250712951639,-80.2041021012713,NW 54TH ST                          ,SR 944,,E-Scooter
27758126,10/3/2025 12:00:00 AM,Urban,2.0,Principal Arterial - Other,3.0,State Highway Agency,1.0,On the National Highway System,1.0,US Highway,2.0,40.0,Officer,Complete,5/19/2026 12:11:34 PM,28.0623109275112,-81.9572300631481,N FLORIDA AVE                       ,SR 35,US 98,E-Bike
27771163,2/27/2026 12:00:00 AM,Urban,2.0,Local,7.0,Other Local Agency,25.0,On the National Highway System,1.0,Township,5.0,15.0,Editor,Preliminary,6/19/2026 1:25:20 PM,26.0907027725633,-80.252885083616,S VALENCIA DR                       ,,,E-Bike
27922942,3/8/2026 12:00:00 AM,Urban,2.0,Major Collector,5.0,County Highway Agency,2.0,Not on the National Highway System,6.0,County Road,4.0,35.0,Officer,Complete,6/12/2026 5:58:14 PM,27.9602605442728,-82.4355448807821,E 7TH AVE                           ,CR 574,,E-Bike
27834035,3/28/2026 12:00:00 AM,Urban,2.0,Principal Arterial - Other,3.0,State Highway Agency,1.0,On the National Highway System,1.0,Municipality,6.0,45.0,Editor,Preliminary,7/12/2026 1:17:14 PM,27.2646350932191,-80.4027436122148,SW GATLIN BLVD                      ,,,E-Bike
27493283,2/13/2026 12:00:00 AM,,,,,,,,,,,,Officer,Not reviewed,4/15/2026 9:55:11 PM,30.3556961697368,-81.6731332971467,W 20TH ST EXPY                      ,,,E-Bike
27700743,2/23/2026 12:00:00 AM,Urban,2.0,Local,7.0,Private (other than Railroad),26.0,Not on the National Highway System,6.0,Municipality,6.0,5.0,Editor,Preliminary,6/21/2026 1:51:53 PM,27.9989437558403,-80.6734833868685,SW MALABAR RD                       ,,,E-Bike
27695856,8/4/2025 12:00:00 AM,Urban,2.0,Principal Arterial - Other,3.0,State Highway Agency,1.0,On the National Highway System,1.0,US Highway,2.0,45.0,Editor,Complete,6/2/2026 6:28:17 PM,30.3856490188219,-86.464616451129,HIGHWAY 98 E                        ,SR 30,US 98,E-Bike
27432224,8/15/2025 12:00:00 AM,Urban,2.0,Minor Arterial,4.0,County Highway Agency,2.0,Not on the National Highway System,6.0,County Road,4.0,45.0,Editor,Complete,6/11/2026 1:29:17 PM,25.7463085099374,-80.187727970894,RICKENBACKER CSWY                   ,CR 913,,Bicycle
24775710,12/1/2023 12:00:00 AM,Urban,2.0,Principal Arterial - Other,3.0,State Highway Agency,1.0,On the National Highway System,1.0,US Highway,2.0,40.0,Editor,Complete,5/24/2024 11:20:33 AM,28.2460869603276,-81.2991410856768,E IRLO BRONSON MEMORIAL HWY         ,,US 441,E-Bike
24354081,6/9/2021 12:00:00 AM,Urban,2.0,Local,7.0,,,Not on the National Highway System,6.0,Municipality,6.0,35.0,Editor,Complete,7/21/2022 8:05:01 AM,25.4919649745461,-80.4551926124798,SW 296TH ST                         ,,,E-Scooter
24682134,12/27/2021 12:00:00 AM,Rural,1.0,Major Collector,5.0,Trafficway Not in State Inventory,96.0,Not on the National Highway System,6.0,County Road,4.0,45.0,Editor,Not reviewed,3/17/2022 10:50:43 PM,28.0736048707076,-81.826139254435,OLD DIXIE HWY                       ,,,E-Bike
24116866,12/7/2020 12:00:00 AM,Urban,2.0,Principal Arterial - Other,3.0,State Highway Agency,1.0,On the National Highway System,1.0,US Highway,2.0,15.0,Editor,Complete,6/4/2024 12:08:02 PM,30.2853635894977,-81.4568985562839,UNNAMED RD                          ,,US 90,E-Scooter
24844896,5/24/2023 12:00:00 AM,Urban,2.0,Local,7.0,Trafficway Not in State Inventory,96.0,Not on the National Highway System,6.0,Municipality,6.0,30.0,Editor,Complete,1/13/2025 4:25:04 PM,25.8237553706813,-80.2753273535424,E 3RD AVE                           ,,,E-Bike
24672373,7/19/2022 12:00:00 AM,Urban,2.0,Major Collector,5.0,County Highway Agency,2.0,Not on the National Highway System,6.0,Municipality,6.0,25.0,Editor,Complete,10/6/2025 7:30:54 PM,26.1297536469004,-80.178157523073,NW 27TH AVE                         ,,,Bicycle
24726260,11/23/2021 12:00:00 AM,Urban,2.0,Local,7.0,County Highway Agency,2.0,Not on the National Highway System,6.0,Municipality,6.0,30.0,Editor,Complete,7/28/2026 2:12:21 PM,30.4415448766849,-81.7607732734168,ROLLING STREAM DR                   ,,,E-Scooter
24345548,6/7/2021 12:00:00 AM,Urban,2.0,Principal Arterial - Other,3.0,State Highway Agency,1.0,On the National Highway System,1.0,US Highway,2.0,35.0,Editor,Complete,1/19/2023 10:23:29 AM,27.3505123729363,-82.530391096581,N WASHINGTON BLVD                   ,SR  683 ,US  301 ,E-Bike
24897579,1/30/2022 12:00:00 AM,Urban,2.0,Principal Arterial - Other,3.0,State Highway Agency,1.0,On the National Highway System,1.0,State Highway,3.0,45.0,Editor,Complete,1/19/2023 9:33:16 AM,27.8183307648235,-82.7284622245464,66TH ST N                           ,SR  693 ,,E-Scooter
24574915,7/30/2021 12:00:00 AM,Urban,2.0,Principal Arterial - Other,3.0,State Highway Agency,1.0,On the National Highway System,1.0,US Highway,2.0,50.0,Editor,Complete,1/19/2023 10:21:59 AM,27.8411554508157,-82.3815812237252,S US HIGHWAY 41                     ,SR   45 ,US   41 ,E-Scooter
26848576,3/14/2025 12:00:00 AM,Urban,2.0,Minor Arterial,4.0,State Highway Agency,1.0,Not on the National Highway System,6.0,State Highway,3.0,35.0,Editor,Complete,5/11/2026 4:35:41 PM,30.288915805602,-81.7553582205396,LANE AVE S                          ,SR 103,,E-Scooter
26850532,5/1/2025 12:00:00 AM,Urban,2.0,Principal Arterial - Other,3.0,State Highway Agency,1.0,On the National Highway System,1.0,State Highway,3.0,40.0,Editor,Complete,5/11/2026 4:36:37 PM,30.2822324406365,-81.7260162494247,BLANDING BLVD                       ,SR 21,,E-Bike
26834156,9/23/2024 12:00:00 AM,,,,,,,,,,,,Editor,Preliminary,5/19/2025 1:07:50 AM,30.1074762882296,-81.4820221449224,PHILIPS HWY                         ,,,Bicycle
27164770,3/4/2026 12:00:00 AM,Urban,2.0,Local,7.0,County Highway Agency,2.0,Not on the National Highway System,6.0,Municipality,6.0,25.0,Editor,Complete,5/26/2026 12:24:46 PM,27.3164237222948,-82.5343522343221,HILLVIEW ST                         ,,,E-Bike
27344555,2/10/2026 12:00:00 AM,Urban,2.0,Minor Arterial,4.0,City or Municipal Highway Agency,4.0,Not on the National Highway System,6.0,Municipality,6.0,40.0,Editor,Preliminary,6/18/2026 9:52:01 PM,26.2548957535408,-80.2822150292714,CORAL RIDGE DR                      ,,,E-Bike
27271149,11/11/2025 12:00:00 AM,Urban,2.0,Minor Arterial,4.0,City or Municipal Highway Agency,4.0,Not on the National Highway System,6.0,Municipality,6.0,30.0,Editor,Complete,5/22/2026 10:15:24 AM,27.3257637670007,-80.3494627204843,NE FLORESTA DR                      ,,,E-Bike
88937422,4/11/2019 12:00:00 AM,Urban,2.0,Principal Arterial - Other,3.0,State Highway Agency,1.0,On the National Highway System,1.0,US Highway,2.0,35.0,Editor,Complete,3/5/2025 11:35:23 PM,25.9914266958874,-80.142497958131,N FEDERAL HWY                       ,SR    5 ,US    1 ,E-Scooter
89041781,5/14/2019 12:00:00 AM,Urban,2.0,Local,7.0,Trafficway Not in State Inventory,96.0,Not on the National Highway System,6.0,Municipality,6.0,35.0,Editor,Not reviewed,6/17/2021 10:55:16 AM,27.9016625546558,-82.745614523778,142ND AVE N                         ,,,E-Bike
89509356,1/28/2021 12:00:00 AM,Urban,2.0,Major Collector,5.0,Trafficway Not in State Inventory,96.0,Not on the National Highway System,6.0,Municipality,6.0,35.0,Editor,Not reviewed,2/11/2021 10:39:35 AM,26.4350226910555,-80.1024375378905,GERMANTOWN RD                       ,,,E-Bike
87031771,10/31/2017 12:00:00 AM,Rural,1.0,Local,7.0,Trafficway Not in State Inventory,96.0,Not on the National Highway System,6.0,Other,8.0,35.0,Editor,Complete,3/5/2025 8:19:25 PM,30.4638684172992,-81.642333495311,COLE RD                             ,,,Bicycle
25492683,9/18/2022 12:00:00 AM,Urban,2.0,Principal Arterial - Other,3.0,State Highway Agency,1.0,On the National Highway System,1.0,State Highway,3.0,45.0,Editor,Complete,7/31/2023 8:48:49 AM,27.8944839112532,-82.7571282724368,ULMERTON RD                         ,SR 688,,E-Bike
25564319,9/19/2023 12:00:00 AM,Urban,2.0,Local,7.0,City or Municipal Highway Agency,4.0,Not on the National Highway System,6.0,Municipality,6.0,30.0,Editor,Complete,1/5/2024 11:20:46 AM,28.5436509748358,-81.4072305296283,FRED L MAXWELL BLVD                 ,,,E-Bike
25492470,8/18/2022 12:00:00 AM,Urban,2.0,Principal Arterial - Other Freeways and Expressways,2.0,State Highway Agency,1.0,On the National Highway System,1.0,US Highway,2.0,35.0,Editor,Complete,9/12/2024 3:48:37 PM,27.9009862815836,-82.726901860985,US HIGHWAY 19 N                     ,,,E-Bike
25803040,11/25/2025 12:00:00 AM,Urban,2.0,Principal Arterial - Other,3.0,State Highway Agency,1.0,On the National Highway System,1.0,US Highway,2.0,45.0,Editor,Complete,5/8/2026 3:15:13 PM,26.002483420702,-80.2071878067381,S 60TH AVE                          ,SR 7,US 441,E-Scooter
27474661,7/6/2025 12:00:00 AM,Urban,2.0,Principal Arterial - Other,3.0,State Highway Agency,1.0,On the National Highway System,1.0,US Highway,2.0,45.0,Editor,Complete,5/28/2026 4:42:46 PM,30.286877667775,-81.5357942518897,BEACH BLVD                          ,SR 10,US 90,E-Bike
24115845,5/10/2021 12:00:00 AM,Urban,2.0,Principal Arterial - Other,3.0,State Highway Agency,1.0,On the National Highway System,1.0,US Highway,2.0,40.0,Editor,Complete,1/19/2023 10:21:27 AM,30.3179054386376,-81.5564195752946,ATLANTIC BLVD                       ,SR   10 ,USA  90 ,E-Bike
24432767,6/20/2021 12:00:00 AM,Urban,2.0,Principal Arterial - Other,3.0,State Highway Agency,1.0,On the National Highway System,1.0,State Highway,3.0,45.0,Editor,Complete,1/19/2023 10:22:41 AM,27.8802920521341,-82.8252641951006,OVAL DR                             ,SR  688 ,,E-Bike
24808721,4/2/2022 12:00:00 AM,Urban,2.0,Major Collector,5.0,City or Municipal Highway Agency,4.0,Not on the National Highway System,6.0,Municipality,6.0,30.0,Editor,Complete,1/14/2025 3:42:07 PM,27.9094059813454,-82.7996357386803,8TH AVE SW                          ,,,E-Bike
86733451,4/28/2017 12:00:00 AM,Urban,2.0,Local,7.0,Trafficway Not in State Inventory,96.0,Not on the National Highway System,6.0,Other,8.0,40.0,Editor,Complete,3/5/2025 9:03:47 PM,25.8297193698804,-80.287624300039,W 9TH ST                            ,,,Bicycle
24572498,11/20/2021 12:00:00 AM,Urban,2.0,Principal Arterial - Other,3.0,State Highway Agency,1.0,On the National Highway System,1.0,US Highway,2.0,35.0,Editor,Complete,1/19/2023 10:25:38 AM,26.6452917305737,-81.8651725096112,FOWLER ST                           ,SR  739 ,USB  41 ,Bicycle
26352231,5/27/2024 12:00:00 AM,Urban,2.0,Minor Collector,6.0,City or Municipal Highway Agency,4.0,Not on the National Highway System,6.0,Municipality,6.0,35.0,Editor,Preliminary,9/5/2024 2:27:29 PM,27.6307482721094,-80.5123808020562,90TH AVE                            ,,,Bicycle
25349318,3/21/2024 12:00:00 AM,Urban,2.0,Principal Arterial - Other,3.0,City or Municipal Highway Agency,4.0,On the National Highway System,1.0,Municipality,6.0,4.0,Editor,Preliminary,1/9/2025 5:20:33 PM,25.8408137605896,-80.333637671215,NW 74TH ST                          ,,,Bicycle
89123599,6/15/2019 12:00:00 AM,Urban,2.0,Local,7.0,City or Municipal Highway Agency,4.0,Not on the National Highway System,6.0,Municipality,6.0,30.0,Editor,Complete,7/2/2024 12:53:20 PM,29.2200864726395,-81.0066310332813,VERMONT AVE                         ,,,Bicycle
84548146,1/18/2015 12:00:00 AM,,,,,,,,,State Highway,3.0,55.0,Editor,Complete,3/5/2025 6:26:57 PM,29.1751837768552,-81.8712612861744,E HIGHWAY 40                        ,SR   40 ,,Bicycle
85233449,1/1/2016 12:00:00 AM,Urban,2.0,Principal Arterial - Other,3.0,State Highway Agency,1.0,On the National Highway System,1.0,US Highway,2.0,35.0,Editor,Complete,3/5/2025 7:45:53 PM,30.4238930415112,-87.2616186173936,MOBILE HWY                          ,SR   10A,US   90 ,Bicycle
26422343,4/18/2025 12:00:00 AM,Urban,2.0,Minor Arterial,4.0,State Highway Agency,1.0,Not on the National Highway System,6.0,State Highway,3.0,40.0,Editor,Complete,5/15/2026 4:19:56 PM,27.7124930706419,-82.3003875620589,SR-674                              ,SR 674,,Bicycle
86766571,1/8/2018 12:00:00 AM,Urban,2.0,Principal Arterial - Other,3.0,State Highway Agency,1.0,On the National Highway System,1.0,US Highway,2.0,50.0,Editor,Complete,3/5/2025 9:26:05 PM,27.5176852736966,-82.5630531622009,TAMIAMI TRL                         ,SR   55 ,US   41 ,Bicycle
25832031,9/14/2023 12:00:00 AM,Urban,2.0,Local,7.0,City or Municipal Highway Agency,4.0,Not on the National Highway System,6.0,Municipality,6.0,30.0,Officer,Complete,1/10/2024 12:59:30 PM,25.9644754556026,-80.2491647179474,NW 207TH ST                         ,,,Bicycle
87251200,12/1/2018 12:00:00 AM,Urban,2.0,Principal Arterial - Other,3.0,State Highway Agency,1.0,On the National Highway System,1.0,US Highway,2.0,45.0,Editor,Complete,3/5/2025 10:47:14 PM,27.2456111080147,-82.5111076550664,S TAMIAMI TRL                       ,SR   45 ,US   41 ,Bicycle
24897484,3/18/2022 12:00:00 AM,Urban,2.0,Principal Arterial - Other,3.0,State Highway Agency,1.0,On the National Highway System,1.0,US Highway,2.0,50.0,Editor,Complete,1/19/2023 9:35:41 AM,28.4341033098404,-82.4616820814633,BROAD ST                            ,SR   45 ,US   41 ,Bicycle
89748316,3/10/2025 12:00:00 AM,Urban,2.0,Principal Arterial - Other,3.0,State Highway Agency,1.0,On the National Highway System,1.0,US Highway,2.0,50.0,Editor,Complete,5/11/2026 3:51:14 PM,27.0145966184378,-80.104857775405,SE FEDERAL HWY                      ,SR 5,US 1,Bicycle
86225092,11/9/2015 12:00:00 AM,,,,,,,,,State Highway,3.0,40.0,Editor,Complete,3/5/2025 6:00:16 PM,25.8246608396926,-80.216218201224,NW 54TH ST                          ,SR  944 ,,Bicycle
85231284,12/12/2015 12:00:00 AM,,,,,,,,,County Road,4.0,55.0,Editor,Complete,3/5/2025 5:58:19 PM,28.3366104957015,-82.1676408695991,OLD LAKELAND HWY                    ,,,Bicycle
27038166,10/5/2025 12:00:00 AM,Urban,2.0,Major Collector,5.0,County Highway Agency,2.0,Not on the National Highway System,6.0,County Road,4.0,55.0,System confident,Complete,6/8/2026 2:07:22 PM,29.2669982241986,-82.2051157708881,W HIGHWAY 326                       ,CR 326,,Bicycle
85549814,6/29/2017 12:00:00 AM,Rural,1.0,Local,7.0,Trafficway Not in State Inventory,96.0,Not on the National Highway System,6.0,Other,8.0,30.0,Editor,Complete,3/5/2025 9:19:14 PM,29.1051790937714,-82.2454332405016,SW 76TH AVE                         ,,,Bicycle
27554792,10/31/2025 12:00:00 AM,Urban,2.0,Minor Arterial,4.0,County Highway Agency,2.0,Not on the National Highway System,6.0,County Road,4.0,55.0,Editor,Complete,5/28/2026 6:14:50 PM,26.9381135331572,-80.1787084912684,W INDIANTOWN RD                     ,CR 706,,Bicycle
24244319,4/6/2021 12:00:00 AM,Urban,2.0,Major Collector,5.0,City or Municipal Highway Agency,4.0,Not on the National Highway System,6.0,Municipality,6.0,30.0,Editor,Complete,1/10/2025 2:04:54 PM,28.0637470069416,-80.6110139507807,E UNIVERSITY BLVD                   ,,,Bicycle
89037641,2/10/2020 12:00:00 AM,Urban,2.0,Major Collector,5.0,Trafficway Not in State Inventory,96.0,Not on the National Highway System,6.0,Municipality,6.0,45.0,Editor,Not reviewed,2/25/2020 9:49:49 AM,28.6088043606885,-81.5163855106496,CLARKE RD N                         ,,,Bicycle
89391158,8/21/2021 12:00:00 AM,Urban,2.0,Principal Arterial - Other,3.0,State Highway Agency,1.0,On the National Highway System,1.0,State Highway,3.0,35.0,Editor,Complete,1/19/2023 10:24:27 AM,27.4953983390081,-82.5710792804126,MANATEE AVE W                       ,SR   64 ,,Bicycle
85245002,1/1/2016 12:00:00 AM,Urban,2.0,Principal Arterial - Other,3.0,State Highway Agency,1.0,On the National Highway System,1.0,US Highway,2.0,45.0,Editor,Complete,3/5/2025 7:52:10 PM,28.2975860186812,-82.707086364927,US HIGHWAY 19                       ,SR   55 ,US   19 ,Bicycle
85276462,4/30/2016 12:00:00 AM,Urban,2.0,Major Collector,5.0,State Highway Agency,1.0,Not on the National Highway System,6.0,State Highway,3.0,45.0,Editor,Complete,3/5/2025 7:51:39 PM,25.5801535769746,-80.4623013661356,SW 200TH ST                         ,SR  994 ,,Bicycle
24887335,2/7/2022 12:00:00 AM,Urban,2.0,Principal Arterial - Other,3.0,State Highway Agency,1.0,On the National Highway System,1.0,State Highway,3.0,40.0,Editor,Complete,1/19/2023 9:32:43 AM,26.6819767226868,-81.8973923993122,PINE ISLAND RD                      ,SR   78 ,,Bicycle
27289341,9/21/2025 12:00:00 AM,Urban,2.0,Principal Arterial - Other,3.0,State Highway Agency,1.0,On the National Highway System,1.0,State Highway,3.0,55.0,Officer,Complete,6/2/2026 6:28:07 PM,28.5581463437,-81.8169855290376,SR-50                               ,SR 50,,Bicycle
85163901,10/29/2016 12:00:00 AM,Rural,1.0,Local,7.0,Trafficway Not in State Inventory,96.0,Not on the National Highway System,6.0,Other,8.0,35.0,Editor,Complete,3/5/2025 7:06:17 PM,28.8143691586897,-81.3397682939595,N OREGON ST                         ,,,Bicycle
86260863,1/19/2016 12:00:00 AM,Urban,2.0,Local,7.0,Trafficway Not in State Inventory,96.0,Not on the National Highway System,6.0,Municipality,6.0,35.0,Editor,Complete,3/5/2025 7:17:32 PM,26.2592707378821,-80.1155136493574,E COPANS RD                         ,,,Bicycle
88216384,10/4/2019 12:00:00 AM,Urban,2.0,Major Collector,5.0,State Highway Agency,1.0,Not on the National Highway System,6.0,Municipality,6.0,30.0,Editor,Complete,3/5/2025 11:36:37 PM,28.2432049481883,-82.1859495775292,7TH ST                              ,,,Bicycle
27323752,10/3/2025 12:00:00 AM,Urban,2.0,Principal Arterial - Other,3.0,State Highway Agency,1.0,On the National Highway System,1.0,State Highway,3.0,45.0,Editor,Complete,5/14/2026 5:02:02 PM,29.6884376498914,-82.3024558061513,NE 39TH AVE                         ,SR 222,,Bicycle
87054700,7/3/2017 12:00:00 AM,Urban,2.0,Local,7.0,Trafficway Not in State Inventory,96.0,Not on the National Highway System,6.0,Municipality,6.0,35.0,Editor,Complete,3/5/2025 8:56:29 PM,28.2942947270239,-81.4488949989807,N HOAGLAND BLVD                     ,,,Bicycle
88402096,10/15/2020 12:00:00 AM,Rural,1.0,Minor Arterial,4.0,State Highway Agency,1.0,Not on the National Highway System,6.0,State Highway,3.0,55.0,Editor,Not reviewed,12/1/2020 9:56:15 AM,30.543118654289,-86.9020956715182,SR-87                               ,SR   87 ,,Bicycle
85310806,6/16/2016 12:00:00 AM,Urban,2.0,Minor Arterial,4.0,State Highway Agency,1.0,On the National Highway System,1.0,US Highway,2.0,45.0,Editor,Complete,3/5/2025 6:41:27 PM,30.1865676998877,-82.5932399294229,E US HIGHWAY 90                     ,SR   10 ,US   90 ,Bicycle
85541560,11/15/2017 12:00:00 AM,Rural,1.0,Local,7.0,Trafficway Not in State Inventory,96.0,Not on the National Highway System,6.0,Municipality,6.0,30.0,Editor,Complete,3/5/2025 8:00:53 PM,27.0049390380752,-82.1080682891079,DORCHESTER ST                       ,,,Bicycle
87633936,4/21/2018 12:00:00 AM,Urban,2.0,Principal Arterial - Other,3.0,State Highway Agency,1.0,On the National Highway System,1.0,State Highway,3.0,40.0,Editor,Complete,3/5/2025 10:32:13 PM,25.6563587068536,-80.4156960375254,SW 137TH AVE                        ,SR  825 ,,Bicycle
26984887,7/17/2025 12:00:00 AM,Urban,2.0,Major Collector,5.0,County Highway Agency,2.0,Not on the National Highway System,6.0,Municipality,6.0,45.0,Editor,Complete,5/11/2026 5:36:58 PM,30.6536924667693,-81.5431009045274,CHESTER RD                          ,,,Bicycle
26945304,10/5/2025 12:00:00 AM,Urban,2.0,Major Collector,5.0,County Highway Agency,2.0,Not on the National Highway System,6.0,County Road,4.0,35.0,System confident,Complete,5/11/2026 5:16:17 PM,26.4329852502406,-81.4378870243061,LAKE TRAFFORD RD                    ,CR 890,,Bicycle
88249745,2/11/2020 12:00:00 AM,Urban,2.0,Principal Arterial - Other,3.0,State Highway Agency,1.0,On the National Highway System,1.0,State Highway,3.0,55.0,Editor,Complete,1/19/2023 4:50:10 PM,27.937726823122,-82.236223962957,E STATE ROAD 60                     ,SR   60 ,,Bicycle
27016117,6/20/2025 12:00:00 AM,Urban,2.0,Major Collector,5.0,County Highway Agency,2.0,Not on the National Highway System,6.0,County Road,4.0,25.0,Editor,Complete,5/11/2026 5:55:39 PM,28.5885371852745,-81.4967442874346,APOPKA VINELAND RD N                ,CR 435,,Bicycle
84877539,9/3/2016 12:00:00 AM,Urban,2.0,Principal Arterial - Other,3.0,State Highway Agency,1.0,On the National Highway System,1.0,State Highway,3.0,45.0,Editor,Complete,3/5/2025 7:18:10 PM,27.9376429146146,-82.2905460174793,W BRANDON BLVD                      ,SR   60 ,,Bicycle
26312896,2/23/2024 12:00:00 AM,Urban,2.0,Principal Arterial - Other,3.0,State Highway Agency,1.0,On the National Highway System,1.0,US Highway,2.0,45.0,Editor,Preliminary,5/30/2025 12:35:15 PM,27.7610270936162,-82.3349654163706,US HIGHWAY 301 S                    ,,,Bicycle
24883482,2/20/2022 12:00:00 AM,Urban,2.0,Principal Arterial - Other,3.0,Trafficway Not in State Inventory,96.0,Not on the National Highway System,6.0,County Road,4.0,50.0,Editor,Not reviewed,3/17/2022 11:38:44 AM,27.3887799882991,-82.5253572764305,UNIVERSITY PKWY                     ,,,Bicycle
89682165,7/26/2023 12:00:00 AM,Urban,2.0,Major Collector,5.0,City or Municipal Highway Agency,4.0,Not on the National Highway System,6.0,Municipality,6.0,35.0,Editor,Complete,12/5/2023 8:28:45 AM,28.4502097137944,-81.3417426177024,JETPORT DR                          ,,,Bicycle
84540616,1/9/2015 12:00:00 AM,,,,,,,,,County Road,4.0,40.0,Editor,Complete,3/5/2025 5:56:55 PM,27.4134849086613,-82.5467624994118,15TH ST E                           ,,,Bicycle
85171636,11/2/2015 12:00:00 AM,,,,,,,,,US Highway,2.0,45.0,Editor,Complete,3/5/2025 6:29:32 PM,29.8666879380683,-81.3229825710493,US HIGHWAY 1 S                      ,SR    5 ,US    1 ,Bicycle
88340956,7/8/2020 12:00:00 AM,Urban,2.0,Major Collector,5.0,City or Municipal Highway Agency,4.0,Not on the National Highway System,6.0,Municipality,6.0,40.0,Editor,Complete,5/30/2024 7:53:37 AM,28.5379760854177,-81.5229381801839,HEMPEL AVE                          ,,,Bicycle
87086440,9/19/2017 12:00:00 AM,Urban,2.0,Principal Arterial - Other,3.0,State Highway Agency,1.0,On the National Highway System,1.0,US Highway,2.0,45.0,Editor,Complete,3/5/2025 8:32:42 PM,26.0985342101257,-80.2011791388901,SW 40TH AVE                         ,SR    7 ,US  441 ,Bicycle
25006732,3/3/2023 12:00:00 AM,Urban,2.0,Minor Arterial,4.0,State Highway Agency,1.0,Not on the National Highway System,6.0,State Highway,3.0,40.0,Editor,Complete,7/26/2023 1:41:13 PM,27.281198964124,-80.2099349414392,S OCEAN DR                          ,,,Bicycle
24225863,2/15/2022 12:00:00 AM,Urban,2.0,Minor Arterial,4.0,City or Municipal Highway Agency,4.0,Not on the National Highway System,6.0,Municipality,6.0,35.0,Editor,Complete,1/14/2025 3:42:07 PM,25.7918368987752,-80.1442597951581,ABE RESNICK BLVD                    ,,,Bicycle
26866665,12/2/2025 12:00:00 AM,Urban,2.0,Minor Arterial,4.0,City or Municipal Highway Agency,4.0,Not on the National Highway System,6.0,Municipality,6.0,40.0,Officer,Complete,6/8/2026 3:21:43 PM,27.7918703412348,-82.7002416525384,22ND AVE N                          ,,,Bicycle
24419445,4/16/2021 12:00:00 AM,Urban,2.0,Principal Arterial - Other,3.0,State Highway Agency,1.0,On the National Highway System,1.0,US Highway,2.0,35.0,Editor,Complete,1/19/2023 10:20:43 AM,28.5310895583002,-81.3971189869564,S ORANGE BLOSSOM TRL                ,SR  500 ,US   17 ,Bicycle
24900630,2/22/2022 12:00:00 AM,Urban,2.0,Principal Arterial - Other,3.0,State Highway Agency,1.0,On the National Highway System,1.0,US Highway,2.0,45.0,Editor,Complete,1/19/2023 9:33:24 AM,27.0106343466997,-82.1410817191576,TAMIAMI TRL                         ,SR   45 ,US   41 ,Bicycle
88313240,4/19/2020 12:00:00 AM,Urban,2.0,Minor Collector,6.0,City or Municipal Highway Agency,4.0,Not on the National Highway System,6.0,Municipality,6.0,30.0,Editor,Complete,6/3/2024 2:29:30 PM,28.2877864522645,-82.6791433118102,SAN MIGUEL DR                       ,,,Bicycle
85205616,11/18/2015 12:00:00 AM,,,,,,,,,County Road,4.0,35.0,Editor,Complete,3/5/2025 5:54:11 PM,28.6798076254933,-81.5204199356413,OLD DIXIE HWY                       ,,,Bicycle
88442764,12/22/2020 12:00:00 AM,Urban,2.0,Principal Arterial - Other,3.0,State Highway Agency,1.0,On the National Highway System,1.0,State Highway,3.0,45.0,Editor,Complete,6/5/2024 2:04:22 PM,28.2169241398721,-82.7101239045426,SR-54                               ,SR 54,,Bicycle
24883475,2/18/2022 12:00:00 AM,Urban,2.0,Principal Arterial - Other,3.0,Trafficway Not in State Inventory,96.0,Not on the National Highway System,6.0,County Road,4.0,50.0,Editor,Not reviewed,3/17/2022 9:02:15 AM,27.389013661064,-82.5098086890977,UNIVERSITY PKWY                     ,,,Bicycle
88287969,3/19/2020 12:00:00 AM,Urban,2.0,Principal Arterial - Other,3.0,State Highway Agency,1.0,On the National Highway System,1.0,US Highway,2.0,45.0,Editor,Complete,6/4/2024 7:36:55 AM,30.2872581019885,-81.5062594376796,BEACH BLVD                          ,SR 212,US 90,Bicycle
89590064,12/22/2021 12:00:00 AM,Urban,2.0,Local,7.0,Trafficway Not in State Inventory,96.0,Not on the National Highway System,6.0,Other,8.0,25.0,Editor,Complete,1/14/2025 3:35:20 PM,28.5809116762068,-81.2529859347364,MONTELLO DR                         ,,,Bicycle
26365413,6/8/2024 12:00:00 AM,Rural,1.0,Local,7.0,Trafficway Not in State Inventory,96.0,Not on the National Highway System,6.0,Other,8.0,35.0,Editor,Preliminary,2/6/2025 12:25:56 PM,28.5157066334647,-82.1813471642316,TALL PINES DR                       ,,,Bicycle
27507883,7/29/2025 12:00:00 AM,Urban,2.0,Major Collector,5.0,County Highway Agency,2.0,Not on the National Highway System,6.0,Municipality,6.0,35.0,Editor,Complete,6/4/2026 3:09:45 PM,26.9247606390908,-82.0663390284526,W MARION AVE                        ,,,Bicycle
85405139,11/6/2016 12:00:00 AM,Urban,2.0,Minor Arterial,4.0,State Highway Agency,1.0,Not on the National Highway System,6.0,State Highway,3.0,15.0,Editor,Complete,5/24/2024 10:44:22 AM,26.9632868787272,-82.3526409999545,N INDIANA AVE                       ,SR 776,,Bicycle
27715028,10/15/2025 12:00:00 AM,Urban,2.0,Minor Arterial,4.0,County Highway Agency,2.0,Not on the National Highway System,6.0,Municipality,6.0,45.0,Editor,Complete,6/1/2026 4:09:24 PM,27.9809190629404,-82.285975553919,PARSONS AVE S                       ,,,Bicycle
89168978,5/10/2020 12:00:00 AM,Urban,2.0,Minor Arterial,4.0,City or Municipal Highway Agency,4.0,Not on the National Highway System,6.0,Municipality,6.0,40.0,Editor,Complete,8/12/2024 12:44:58 PM,27.9991694013118,-82.4141280567492,N 40TH ST                           ,,,Bicycle
88369151,11/3/2020 12:00:00 AM,Rural,1.0,Local,7.0,Trafficway Not in State Inventory,96.0,Not on the National Highway System,6.0,Other,8.0,45.0,Editor,Not reviewed,12/1/2020 10:05:38 AM,28.5294100409669,-82.3381011353705,CEDAR LN                            ,,,Bicycle
89444049,2/1/2021 12:00:00 AM,Urban,2.0,Major Collector,5.0,Other Local Agency,25.0,Not on the National Highway System,6.0,Other,8.0,35.0,Editor,Complete,1/10/2025 2:04:53 PM,28.0135576006886,-82.5625441100287,HANLEY RD                           ,,,Bicycle
88751082,10/18/2018 12:00:00 AM,Urban,2.0,Principal Arterial - Other,3.0,State Highway Agency,1.0,On the National Highway System,1.0,US Highway,2.0,60.0,Editor,Complete,3/5/2025 9:27:04 PM,28.0359457747459,-81.6363884333835,HWY 27                              ,SR   25 ,US   27 ,Bicycle
86770245,11/11/2016 12:00:00 AM,Rural,1.0,Minor Collector,6.0,Trafficway Not in State Inventory,96.0,Not on the National Highway System,6.0,Municipality,6.0,45.0,Editor,Complete,3/5/2025 7:27:51 PM,26.6672324989661,-82.0194517443666,TROPICANA PKWY W                    ,,,Bicycle
24578768,10/16/2021 12:00:00 AM,Urban,2.0,Principal Arterial - Other,3.0,State Highway Agency,1.0,On the National Highway System,1.0,US Highway,2.0,40.0,Editor,Complete,1/19/2023 10:26:15 AM,27.9960174142112,-82.4446705008042,E HILLSBOROUGH AVE                  ,SR  600 ,US   41 ,Bicycle
26412698,3/3/2025 12:00:00 AM,Urban,2.0,Principal Arterial - Other,3.0,State Highway Agency,1.0,On the National Highway System,1.0,US Highway,2.0,50.0,Editor,Complete,5/27/2026 12:55:53 PM,30.3257242370954,-81.5651967724207,ARLINGTON EXPY                      ,SR 115,US 90,Bicycle
25042430,4/7/2023 12:00:00 AM,Rural,1.0,Principal Arterial - Other,3.0,State Highway Agency,1.0,On the National Highway System,1.0,US Highway,2.0,65.0,Editor,Complete,8/15/2023 11:12:38 AM,29.6520527873861,-81.2867070969545,HERITAGE CROSSRDS MILES OF HISTORY H,,,Bicycle
86016642,2/11/2016 12:00:00 AM,Urban,2.0,Local,7.0,Trafficway Not in State Inventory,96.0,Not on the National Highway System,6.0,Municipality,6.0,35.0,Editor,Complete,3/5/2025 7:13:22 PM,26.1482980164855,-80.1336346766359,N DIXIE HWY                         ,,,Bicycle
86545674,8/22/2016 12:00:00 AM,Rural,1.0,Minor Collector,6.0,Trafficway Not in State Inventory,96.0,Not on the National Highway System,6.0,Municipality,6.0,35.0,Editor,Complete,3/5/2025 7:03:24 PM,30.2404186978845,-85.6327286777879,E 12TH ST                           ,,,Bicycle
81965802,5/28/2016 12:00:00 AM,Rural,1.0,Local,7.0,Trafficway Not in State Inventory,96.0,Not on the National Highway System,6.0,County Road,4.0,45.0,Editor,Complete,3/5/2025 7:05:23 PM,28.3901703860028,-82.2892998220732,LAKE IOLA RD                        ,,,Bicycle
85300873,3/4/2017 12:00:00 AM,Urban,2.0,Principal Arterial - Other,3.0,State Highway Agency,1.0,On the National Highway System,1.0,US Highway,2.0,45.0,Editor,Complete,3/5/2025 8:45:38 PM,25.0956308202334,-80.4392293149692,FLORIDA KEYS SCENIC HWY             ,SR    5 ,US    1 ,Bicycle
26162443,12/30/2023 12:00:00 AM,Urban,2.0,Minor Arterial,4.0,City or Municipal Highway Agency,4.0,Not on the National Highway System,6.0,Municipality,6.0,45.0,Editor,Complete,12/16/2024 5:00:54 PM,26.6138011262661,-81.8113832253338,ORTIZ AVE                           ,,,Bicycle
86150906,3/19/2016 12:00:00 AM,Urban,2.0,Local,7.0,Trafficway Not in State Inventory,96.0,Not on the National Highway System,6.0,Municipality,6.0,35.0,Editor,Complete,3/5/2025 7:30:16 PM,27.8793630237934,-82.4956050592336,INTERBAY BLVD                       ,,,Bicycle
24899569,2/17/2022 12:00:00 AM,Urban,2.0,Principal Arterial - Other,3.0,State Highway Agency,1.0,On the National Highway System,1.0,State Highway,3.0,50.0,Editor,Complete,1/19/2023 9:35:13 AM,28.2269825538198,-82.2299507551852,SR-54                               ,SR   54 ,,Bicycle
87144525,4/11/2018 12:00:00 AM,Rural,1.0,Local,7.0,Trafficway Not in State Inventory,96.0,Not on the National Highway System,6.0,Municipality,6.0,35.0,Editor,Complete,3/5/2025 10:09:11 PM,28.0683526923733,-80.6752680624438,MILWAUKEE AVE                       ,,,Bicycle
25589880,10/16/2023 12:00:00 AM,Urban,2.0,Principal Arterial - Other,3.0,State Highway Agency,1.0,Not on the National Highway System,6.0,US Highway,2.0,55.0,Editor,Preliminary,1/10/2024 2:26:07 PM,27.9237584331303,-82.4191847169215,22ND ST CSWY                        ,SR 45,US 41,Bicycle
86791868,5/30/2017 12:00:00 AM,Urban,2.0,Local,7.0,Trafficway Not in State Inventory,96.0,Not on the National Highway System,6.0,Other,8.0,25.0,Editor,Complete,3/5/2025 8:28:06 PM,28.6914865780408,-81.3170041145759,N WINTER PARK DR                    ,,,Bicycle
24951025,6/25/2022 12:00:00 AM,Rural,1.0,Minor Collector,6.0,County Highway Agency,2.0,Not on the National Highway System,6.0,County Road,4.0,55.0,Editor,Complete,1/14/2025 3:42:06 PM,29.2669416535543,-82.2033252601477,W HIGHWAY 326                       ,,,Bicycle
87207151,6/28/2018 12:00:00 AM,Rural,1.0,Major Collector,5.0,Trafficway Not in State Inventory,96.0,Not on the National Highway System,6.0,Other,8.0,50.0,Editor,Complete,3/5/2025 10:10:45 PM,27.4428639176235,-82.395374832535,LORRAINE RD                         ,,,Bicycle
24989688,9/21/2022 12:00:00 AM,Urban,2.0,Major Collector,5.0,County Highway Agency,2.0,Not on the National Highway System,6.0,County Road,4.0,55.0,Editor,Complete,7/31/2023 10:20:04 AM,27.4646030645997,-81.3919864696887,KENILWORTH BLVD                     ,,,Bicycle
25655056,8/17/2023 12:00:00 AM,Rural,1.0,Local,7.0,Trafficway Not in State Inventory,96.0,Not on the National Highway System,6.0,Other,8.0,45.0,Editor,Complete,1/10/2024 9:08:45 AM,28.0769347042976,-81.5173574469968,LAKE MARION CREEK DR                ,,,Bicycle
85292861,3/26/2016 12:00:00 AM,Urban,2.0,Minor Arterial,4.0,State Highway Agency,1.0,Not on the National Highway System,6.0,US Highway,2.0,40.0,Editor,Complete,3/5/2025 6:44:24 PM,25.9139453074565,-80.2118105803976,NW 7TH AVE                          ,SR    7 ,US  441 ,Bicycle
87422962,3/28/2018 12:00:00 AM,Urban,2.0,Minor Arterial,4.0,Trafficway Not in State Inventory,96.0,Not on the National Highway System,6.0,Municipality,6.0,35.0,Editor,Complete,3/5/2025 9:29:39 PM,27.7606328765069,-82.6547630980014,16TH ST S                           ,,,Bicycle
24998079,8/13/2023 12:00:00 AM,Urban,2.0,Major Collector,5.0,City or Municipal Highway Agency,4.0,Not on the National Highway System,6.0,Municipality,6.0,35.0,Editor,Complete,1/10/2024 11:33:26 AM,27.03286543131,-82.2078456555427,CHANCELLOR BLVD                     ,,,Bicycle
88088580,2/22/2019 12:00:00 AM,Urban,2.0,Minor Arterial,4.0,State Highway Agency,1.0,Not on the National Highway System,6.0,County Road,4.0,40.0,Editor,Complete,3/5/2025 11:01:15 PM,27.1775064908442,-80.2323611088596,SE DIXIE HWY                        ,,,Bicycle
87293454,9/14/2018 12:00:00 AM,Urban,2.0,Minor Arterial,4.0,State Highway Agency,1.0,Not on the National Highway System,6.0,State Highway,3.0,40.0,Editor,Complete,3/5/2025 10:17:39 PM,30.4608365332142,-87.2888750811902,W MICHIGAN AVE                      ,SR  296 ,,Bicycle
85481576,4/30/2017 12:00:00 AM,Urban,2.0,Major Collector,5.0,Trafficway Not in State Inventory,96.0,Not on the National Highway System,6.0,Other,8.0,35.0,Editor,Complete,3/5/2025 8:23:19 PM,27.0204949059332,-80.47816521148,SW FARM RD                          ,,,Bicycle
25843547,3/14/2024 12:00:00 AM,Urban,2.0,Major Collector,5.0,County Highway Agency,2.0,Not on the National Highway System,6.0,County Road,4.0,25.0,Editor,Complete,5/22/2026 3:55:54 PM,28.622155406155,-80.8298702252383,DIXIE AVE N                         ,CR 405,,Bicycle
88160647,5/6/2020 12:00:00 AM,Urban,2.0,Principal Arterial - Other,3.0,State Highway Agency,1.0,On the National Highway System,1.0,State Highway,3.0,35.0,Editor,Not reviewed,5/18/2020 9:40:41 AM,26.4185705250268,-81.4229640700517,W MAIN ST                           ,SR   29 ,,Bicycle
25054723,1/25/2023 12:00:00 AM,Urban,2.0,Principal Arterial - Other,3.0,State Highway Agency,1.0,On the National Highway System,1.0,State Highway,3.0,35.0,Editor,Complete,8/18/2023 11:43:33 AM,28.2299562931945,-82.2141284659698,SR-54                               ,SR 54,,Bicycle
26438742,1/31/2025 12:00:00 AM,Urban,2.0,Minor Arterial,4.0,State Highway Agency,1.0,Not on the National Highway System,6.0,US Highway,2.0,45.0,Editor,Complete,5/11/2026 4:07:37 PM,30.188130278577,-82.6124030792772,E DUVAL ST                          ,SR 10,US 90,Bicycle
88114015,7/31/2023 12:00:00 AM,Urban,2.0,Principal Arterial - Other,3.0,State Highway Agency,1.0,On the National Highway System,1.0,State Highway,3.0,50.0,Editor,Complete,10/18/2023 11:52:06 AM,29.4754685039836,-81.2414343915683,E MOODY BLVD                        ,SR 100,,Bicycle
87203629,3/11/2019 12:00:00 AM,Rural,1.0,Major Collector,5.0,Trafficway Not in State Inventory,96.0,Not on the National Highway System,6.0,County Road,4.0,45.0,Editor,Complete,3/5/2025 10:51:40 PM,26.6644185326878,-82.1407601186049,STRINGFELLOW RD                     ,,,Bicycle
24892576,1/22/2022 12:00:00 AM,Urban,2.0,Local,7.0,Trafficway Not in State Inventory,96.0,Not on the National Highway System,6.0,Other,8.0,35.0,Editor,Complete,1/14/2025 3:42:07 PM,30.0761758105704,-81.9080088789642,N MIMOSA AVE                        ,,,Bicycle
87285155,3/5/2019 12:00:00 AM,Urban,2.0,Major Collector,5.0,Trafficway Not in State Inventory,96.0,Not on the National Highway System,6.0,Municipality,6.0,45.0,Editor,Complete,3/5/2025 10:52:52 PM,26.2301293873192,-81.5848249323758,GOLDEN GATE BLVD E                  ,,,Bicycle
88190333,8/11/2019 12:00:00 AM,Urban,2.0,Principal Arterial - Other,3.0,State Highway Agency,1.0,On the National Highway System,1.0,State Highway,3.0,45.0,Editor,Complete,3/5/2025 11:10:43 PM,25.4979755987055,-80.4776595829538,SW 177TH AVE                        ,SR  997 ,,Bicycle
88349429,8/26/2020 12:00:00 AM,Urban,2.0,Principal Arterial - Other,3.0,State Highway Agency,1.0,On the National Highway System,1.0,US Highway,2.0,45.0,Editor,Not reviewed,8/10/2021 2:58:22 PM,30.2627255388094,-85.9749855556112,FRONT BEACH RD                      ,SR   30 ,US   98 ,Bicycle
25275221,4/2/2022 12:00:00 AM,Urban,2.0,Major Collector,5.0,Trafficway Not in State Inventory,96.0,Not on the National Highway System,6.0,Municipality,6.0,30.0,Editor,Not reviewed,6/21/2022 12:34:10 PM,25.8301403097948,-80.2164242746429,NW 59TH ST                          ,,,Bicycle
87268934,7/28/2018 12:00:00 AM,Urban,2.0,Minor Arterial,4.0,Trafficway Not in State Inventory,96.0,Not on the National Highway System,6.0,County Road,4.0,55.0,Editor,Complete,3/5/2025 10:42:08 PM,29.0254219600415,-82.1384826041957,SW HIGHWAY 484                      ,,,Bicycle
87817833,3/10/2019 12:00:00 AM,Urban,2.0,Principal Arterial - Other,3.0,State Highway Agency,1.0,On the National Highway System,1.0,US Highway,2.0,40.0,Editor,Complete,3/5/2025 10:54:23 PM,26.0046569341812,-80.2074460487344,S 60TH AVE                          ,SR    7 ,US  441 ,Bicycle
85223630,3/6/2016 12:00:00 AM,Urban,2.0,Local,7.0,Trafficway Not in State Inventory,96.0,Not on the National Highway System,6.0,County Road,4.0,45.0,Editor,Complete,3/5/2025 7:48:26 PM,28.8463425585304,-82.3654974949266,INDEPENDENCE HWY                    ,,,Bicycle
88469438,4/7/2021 12:00:00 AM,Urban,2.0,Principal Arterial - Other,3.0,State Highway Agency,1.0,On the National Highway System,1.0,State Highway,3.0,45.0,Editor,Complete,1/19/2023 10:26:28 AM,28.0143082115283,-82.5049596829819,N DALE MABRY HWY                    ,SR  580 ,,Bicycle
87021653,4/10/2017 12:00:00 AM,Urban,2.0,Principal Arterial - Other,3.0,State Highway Agency,1.0,On the National Highway System,1.0,US Highway,2.0,40.0,Editor,Complete,3/5/2025 9:17:27 PM,29.9133827765287,-81.3234296688477,N PONCE DE LEON BLVD                ,SR    5 ,US    1 ,Bicycle
86766559,1/1/2018 12:00:00 AM,Urban,2.0,Principal Arterial - Other,3.0,State Highway Agency,1.0,On the National Highway System,1.0,US Highway,2.0,35.0,Editor,Complete,9/5/2024 9:55:08 AM,27.5260060873408,-82.5729089933872,8TH AVE W                           ,SR 45,USB 41,Bicycle
26858769,11/8/2024 12:00:00 AM,Urban,2.0,Local,7.0,City or Municipal Highway Agency,4.0,Not on the National Highway System,6.0,Municipality,6.0,25.0,Officer,Preliminary,7/9/2025 12:00:37 PM,27.7627960944791,-82.7141569281358,7TH AVE S                           ,,,Bicycle
27555497,11/10/2025 12:00:00 AM,Urban,2.0,Minor Arterial,4.0,County Highway Agency,2.0,Not on the National Highway System,6.0,Municipality,6.0,35.0,Editor,Complete,5/21/2026 2:04:42 PM,26.6283142798099,-80.0792679028479,10TH AVE N                          ,,,Bicycle
88520014,1/2/2022 12:00:00 AM,Rural,1.0,Minor Collector,6.0,County Highway Agency,2.0,Not on the National Highway System,6.0,County Road,4.0,55.0,Editor,Complete,1/14/2025 3:42:06 PM,29.6783037810309,-81.4405178308471,COUNTY ROAD 13 S                    ,,,Bicycle
25033322,10/27/2022 12:00:00 AM,Urban,2.0,Minor Arterial,4.0,Trafficway Not in State Inventory,96.0,Not on the National Highway System,6.0,Municipality,6.0,40.0,Editor,Complete,8/7/2023 10:13:23 AM,28.3237092641099,-81.345913549612,BUENA VENTURA BLVD                  ,,,Bicycle
88341451,6/26/2020 12:00:00 AM,Urban,2.0,Principal Arterial - Other,3.0,State Highway Agency,1.0,On the National Highway System,1.0,US Highway,2.0,55.0,Editor,Not reviewed,7/4/2020 2:50:39 PM,27.8567019974136,-80.49184363846,INDIAN RIVER LAGOON SCENIC HWY      ,SR    5 ,US    1 ,Bicycle
26945280,2/18/2025 12:00:00 AM,Urban,2.0,Minor Arterial,4.0,County Highway Agency,2.0,Not on the National Highway System,6.0,County Road,4.0,45.0,Editor,Complete,5/11/2026 5:15:33 PM,26.1979251766722,-81.6872667398415,COLLIER BLVD                        ,CR 951,,Bicycle
27629056,12/18/2025 12:00:00 AM,Urban,2.0,Major Collector,5.0,County Highway Agency,2.0,Not on the National Highway System,6.0,County Road,4.0,45.0,Officer,Complete,7/14/2026 11:09:36 AM,27.5158517435638,-81.4654734754486,SEBRING PKWY                        ,CR 634A,,Bicycle
88559952,9/14/2021 12:00:00 AM,Urban,2.0,Minor Arterial,4.0,County Highway Agency,2.0,Not on the National Highway System,6.0,County Road,4.0,45.0,Editor,Complete,1/10/2025 2:04:54 PM,30.4600618234758,-87.2514184029562,N W ST                              ,,,Bicycle
86199151,9/1/2015 12:00:00 AM,,,,,,,,,County Road,4.0,45.0,Editor,Complete,3/5/2025 5:50:27 PM,27.9231096586699,-82.294043646432,LUMSDEN RD W                        ,,,Bicycle
83837915,5/1/2016 12:00:00 AM,Urban,2.0,Minor Arterial,4.0,State Highway Agency,1.0,Not on the National Highway System,6.0,State Highway,3.0,55.0,Editor,Complete,3/5/2025 7:22:40 PM,27.0081436278602,-82.1596798336185,EL JOBEAN RD                        ,SR  776 ,,Bicycle
89760388,6/28/2024 12:00:00 AM,Urban,2.0,Minor Arterial,4.0,State Highway Agency,1.0,Not on the National Highway System,6.0,State Highway,3.0,40.0,Editor,Complete,1/8/2025 4:07:30 PM,27.1982058681335,-80.2090624682456,SE OCEAN BLVD                       ,,,Bicycle
84748097,3/1/2015 12:00:00 AM,,,,,,,,,State Highway,3.0,45.0,Editor,Complete,3/5/2025 6:00:15 PM,26.0875213020051,-80.1711613677407,MARINA MILE BLVD                    ,SR   84 ,,Bicycle
88527890,10/4/2021 12:00:00 AM,Rural,1.0,Local,7.0,Trafficway Not in State Inventory,96.0,Not on the National Highway System,6.0,Other,8.0,30.0,Editor,Not reviewed,3/17/2022 9:12:03 PM,27.8689813049681,-82.8282147896613,137TH ST N                          ,,,Bicycle
84539826,5/4/2015 12:00:00 AM,,,,,,,,,US Highway,2.0,45.0,Editor,Complete,3/5/2025 6:04:47 PM,25.7617231190698,-80.3526665929389,SW 8TH ST                           ,SR   90 ,US   41 ,Bicycle
88447503,2/8/2021 12:00:00 AM,Urban,2.0,Major Collector,5.0,State Highway Agency,1.0,Not on the National Highway System,6.0,State Highway,3.0,35.0,Editor,Complete,1/19/2023 10:19:00 AM,27.2520826971929,-82.5353775979422,MIDNIGHT PASS RD                    ,SR  758 ,,Bicycle
24871238,9/2/2022 12:00:00 AM,Urban,2.0,Principal Arterial - Other,3.0,State Highway Agency,1.0,On the National Highway System,1.0,US Highway,2.0,55.0,Editor,Complete,12/16/2025 11:07:41 PM,27.0493554876643,-82.3207881647388,TAMIAMI TRL S                       ,,,Bicycle
24913876,2/24/2022 12:00:00 AM,Urban,2.0,Principal Arterial - Other,3.0,State Highway Agency,1.0,On the National Highway System,1.0,US Highway,2.0,50.0,Editor,Complete,7/20/2026 1:19:16 PM,27.9193727349222,-82.4018515313221,S 50TH ST                           ,SR 45,US 41,Bicycle
89170229,6/24/2020 12:00:00 AM,Urban,2.0,Principal Arterial - Other,3.0,State Highway Agency,1.0,On the National Highway System,1.0,US Highway,2.0,40.0,Editor,Not reviewed,7/7/2020 10:01:35 AM,27.9573980558169,-82.5056346018005,N DALE MABRY HWY                    ,SR  600 ,US   92 ,Bicycle
85208974,10/21/2015 12:00:00 AM,,,,,,,,,County Road,4.0,25.0,Editor,Complete,3/5/2025 6:15:15 PM,28.5426119190192,-81.1542465970504,GOLDEN ISLE BLVD                    ,,,Bicycle
88942123,9/16/2019 12:00:00 AM,Urban,2.0,Principal Arterial - Other,3.0,State Highway Agency,1.0,On the National Highway System,1.0,State Highway,3.0,40.0,Editor,Complete,3/5/2025 11:22:56 PM,26.1220163933523,-80.1592375703607,W BROWARD BLVD                      ,SR  842 ,,Bicycle
86083729,1/29/2016 12:00:00 AM,Urban,2.0,Principal Arterial - Other,3.0,State Highway Agency,1.0,On the National Highway System,1.0,US Highway,2.0,55.0,Editor,Complete,3/5/2025 6:44:40 PM,28.1378105481833,-81.9735334622815,US HIGHWAY 98 N                     ,SR   35 ,US   98 ,Bicycle
24169382,3/8/2021 12:00:00 AM,Urban,2.0,Local,7.0,Trafficway Not in State Inventory,96.0,Not on the National Highway System,6.0,Other,8.0,30.0,Editor,Complete,1/10/2025 2:04:55 PM,26.5955840244833,-80.136704070425,EDGECLIFF AVE                       ,,,Bicycle
85355468,8/3/2016 12:00:00 AM,Urban,2.0,Principal Arterial - Other,3.0,State Highway Agency,1.0,On the National Highway System,1.0,US Highway,2.0,45.0,Editor,Complete,3/5/2025 7:19:19 PM,28.4211139353621,-81.4047037780411,ORANGE BLOSSOM TRL S                ,SR  500 ,US   17 ,Bicycle
88505493,6/18/2021 12:00:00 AM,,,,,,,,,,,,Editor,Preliminary,8/18/2022 8:04:42 PM,28.2487025581348,-82.7366123236877,SEA FOREST DR                       ,,,Bicycle
89993299,4/17/2021 12:00:00 AM,Urban,2.0,Minor Arterial,4.0,Trafficway Not in State Inventory,96.0,Not on the National Highway System,6.0,Municipality,6.0,40.0,Editor,Not reviewed,5/17/2021 12:40:12 PM,26.2500799915563,-80.280387138337,CORAL RIDGE DR                      ,,,Bicycle
87608323,11/2/2019 12:00:00 AM,Urban,2.0,Major Collector,5.0,City or Municipal Highway Agency,4.0,Not on the National Highway System,6.0,Municipality,6.0,30.0,Editor,Complete,7/2/2024 12:53:20 PM,30.4703354577206,-81.6549064535532,DUVAL RD                            ,,,Bicycle
25688516,7/6/2024 12:00:00 AM,Urban,2.0,Minor Arterial,4.0,State Highway Agency,1.0,Not on the National Highway System,6.0,State Highway,3.0,40.0,Editor,Complete,12/20/2024 2:38:35 PM,30.3803179162819,-81.6955886069817,EDGEWOOD AVE W                      ,SR 111,,Bicycle
26839166,1/15/2025 12:00:00 AM,Urban,2.0,Minor Arterial,4.0,State Highway Agency,1.0,Not on the National Highway System,6.0,State Highway,3.0,45.0,Editor,Complete,5/11/2026 4:34:09 PM,30.2154793006336,-81.5279095572651,BAYMEADOWS RD                       ,SR 152,,Bicycle
